[{"model": "admin.logentry", "pk": 1, "fields": {"action_time": "2025-05-04T08:32:25.084Z", "user": 1, "content_type": 9, "object_id": "2", "object_repr": "jalal@gmail.com", "action_flag": 2, "change_message": "[]"}}, {"model": "admin.logentry", "pk": 2, "fields": {"action_time": "2025-05-04T08:32:31.548Z", "user": 1, "content_type": 9, "object_id": "2", "object_repr": "jalal@gmail.com", "action_flag": 3, "change_message": ""}}, {"model": "admin.logentry", "pk": 3, "fields": {"action_time": "2025-05-04T08:41:37.238Z", "user": 1, "content_type": 9, "object_id": "3", "object_repr": "jalal@gmail.com", "action_flag": 3, "change_message": ""}}, {"model": "admin.logentry", "pk": 4, "fields": {"action_time": "2025-05-04T08:48:58.038Z", "user": 1, "content_type": 9, "object_id": "4", "object_repr": "jalal@gmail.com", "action_flag": 3, "change_message": ""}}, {"model": "admin.logentry", "pk": 5, "fields": {"action_time": "2025-05-04T08:52:54.191Z", "user": 1, "content_type": 9, "object_id": "5", "object_repr": "jalal@gmail.com", "action_flag": 3, "change_message": ""}}, {"model": "admin.logentry", "pk": 6, "fields": {"action_time": "2025-05-04T08:55:40.106Z", "user": 1, "content_type": 9, "object_id": "6", "object_repr": "jalal@gmail.com", "action_flag": 3, "change_message": ""}}, {"model": "admin.logentry", "pk": 7, "fields": {"action_time": "2025-05-04T08:57:18.375Z", "user": 1, "content_type": 9, "object_id": "7", "object_repr": "jalal@gmail.com", "action_flag": 3, "change_message": ""}}, {"model": "admin.logentry", "pk": 8, "fields": {"action_time": "2025-05-04T09:30:50.771Z", "user": 1, "content_type": 10, "object_id": "1", "object_repr": "Shipping - Nedungadan, Alanallur(via)", "action_flag": 1, "change_message": "[{\"added\": {}}]"}}, {"model": "admin.logentry", "pk": 9, "fields": {"action_time": "2025-05-05T05:19:45.365Z", "user": 1, "content_type": 11, "object_id": "1", "object_repr": "Kuvings EVO820 Whole Slow Juicer, Matte Red", "action_flag": 1, "change_message": "[{\"added\": {}}]"}}, {"model": "admin.logentry", "pk": 10, "fields": {"action_time": "2025-05-05T05:20:09.170Z", "user": 1, "content_type": 12, "object_id": "1", "object_repr": "Flasks, Bottles and Jars", "action_flag": 1, "change_message": "[{\"added\": {}}]"}}, {"model": "admin.logentry", "pk": 11, "fields": {"action_time": "2025-05-05T05:20:16.119Z", "user": 1, "content_type": 11, "object_id": "1", "object_repr": "Kuvings EVO820 Whole Slow Juicer, Matte Red", "action_flag": 2, "change_message": "[{\"changed\": {\"fields\": [\"Category\"]}}]"}}, {"model": "admin.logentry", "pk": 12, "fields": {"action_time": "2025-05-05T05:47:39.648Z", "user": 1, "content_type": 11, "object_id": "1", "object_repr": "Kuvings EVO820 Whole Slow Juicer, Matte Red", "action_flag": 2, "change_message": "[]"}}, {"model": "admin.logentry", "pk": 13, "fields": {"action_time": "2025-05-05T05:53:52.566Z", "user": 1, "content_type": 9, "object_id": "8", "object_repr": "jalal@gmail.com", "action_flag": 2, "change_message": "[]"}}, {"model": "admin.logentry", "pk": 14, "fields": {"action_time": "2025-05-05T06:37:50.344Z", "user": 1, "content_type": 11, "object_id": "1", "object_repr": "Kuvings EVO820 Whole Slow Juicer, Matte Red", "action_flag": 2, "change_message": "[]"}}, {"model": "admin.logentry", "pk": 15, "fields": {"action_time": "2025-05-05T06:38:54.182Z", "user": 1, "content_type": 11, "object_id": "2", "object_repr": "Instant Vortex Plus Dual ClearCook Air Fryer, 7.6L", "action_flag": 1, "change_message": "[{\"added\": {}}]"}}, {"model": "admin.logentry", "pk": 16, "fields": {"action_time": "2025-05-05T06:39:43.020Z", "user": 1, "content_type": 12, "object_id": "2", "object_repr": "DinnerWare sets", "action_flag": 1, "change_message": "[{\"added\": {}}]"}}, {"model": "admin.logentry", "pk": 17, "fields": {"action_time": "2025-05-06T05:15:13.564Z", "user": 1, "content_type": 10, "object_id": "1", "object_repr": "Shipping - Nedungadan, Alanallur(via)", "action_flag": 2, "change_message": "[]"}}, {"model": "admin.logentry", "pk": 18, "fields": {"action_time": "2025-05-06T07:12:19.174Z", "user": 1, "content_type": 11, "object_id": "2", "object_repr": "", "action_flag": 3, "change_message": ""}}, {"model": "admin.logentry", "pk": 19, "fields": {"action_time": "2025-05-06T07:12:19.174Z", "user": 1, "content_type": 11, "object_id": "1", "object_repr": "", "action_flag": 3, "change_message": ""}}, {"model": "admin.logentry", "pk": 20, "fields": {"action_time": "2025-05-06T07:12:25.906Z", "user": 1, "content_type": 12, "object_id": "2", "object_repr": "", "action_flag": 3, "change_message": ""}}, {"model": "admin.logentry", "pk": 21, "fields": {"action_time": "2025-05-06T07:12:25.906Z", "user": 1, "content_type": 12, "object_id": "1", "object_repr": "", "action_flag": 3, "change_message": ""}}, {"model": "admin.logentry", "pk": 22, "fields": {"action_time": "2025-05-06T07:26:26.329Z", "user": 1, "content_type": 11, "object_id": "3", "object_repr": "Kuvings EVO820 Whole Slow Juicer, Matte Red", "action_flag": 1, "change_message": "[{\"added\": {}}]"}}, {"model": "admin.logentry", "pk": 23, "fields": {"action_time": "2025-05-06T07:34:45.732Z", "user": 1, "content_type": 12, "object_id": "3", "object_repr": "Flasks, Bottles and Jars", "action_flag": 1, "change_message": "[{\"added\": {}}]"}}, {"model": "admin.logentry", "pk": 24, "fields": {"action_time": "2025-05-06T07:47:31.987Z", "user": 1, "content_type": 11, "object_id": "3", "object_repr": "Kuvings EVO820 Whole Slow Juicer, Matte Red", "action_flag": 2, "change_message": "[{\"changed\": {\"fields\": [\"Category\"]}}]"}}, {"model": "admin.logentry", "pk": 25, "fields": {"action_time": "2025-05-08T09:37:22.502Z", "user": 1, "content_type": 9, "object_id": "9", "object_repr": "muja@gmail.com", "action_flag": 3, "change_message": ""}}, {"model": "admin.logentry", "pk": 26, "fields": {"action_time": "2025-05-08T09:53:28.987Z", "user": 1, "content_type": 9, "object_id": "10", "object_repr": "muja@gmail.com", "action_flag": 3, "change_message": ""}}, {"model": "admin.logentry", "pk": 27, "fields": {"action_time": "2025-05-10T06:05:16.525Z", "user": 1, "content_type": 9, "object_id": "8", "object_repr": "jalal@gmail.com", "action_flag": 3, "change_message": ""}}, {"model": "admin.logentry", "pk": 28, "fields": {"action_time": "2025-05-10T09:57:20.911Z", "user": 1, "content_type": 15, "object_id": "1", "object_repr": "Image for Kuvings EVO820 Whole Slow Juicer, Matte Red", "action_flag": 1, "change_message": "[{\"added\": {}}]"}}, {"model": "admin.logentry", "pk": 29, "fields": {"action_time": "2025-05-10T09:57:41.207Z", "user": 1, "content_type": 15, "object_id": "1", "object_repr": "Image for Kuvings EVO820 Whole Slow Juicer, Matte Red", "action_flag": 2, "change_message": "[]"}}, {"model": "admin.logentry", "pk": 30, "fields": {"action_time": "2025-05-11T05:48:05.153Z", "user": 1, "content_type": 12, "object_id": "4", "object_repr": "Storage Items", "action_flag": 1, "change_message": "[{\"added\": {}}]"}}, {"model": "admin.logentry", "pk": 31, "fields": {"action_time": "2025-05-11T05:48:26.486Z", "user": 1, "content_type": 12, "object_id": "3", "object_repr": "Flasks, Bottles and Jars", "action_flag": 3, "change_message": ""}}, {"model": "admin.logentry", "pk": 32, "fields": {"action_time": "2025-05-11T05:51:35.537Z", "user": 1, "content_type": 12, "object_id": "5", "object_repr": "Kitchen Accessories", "action_flag": 1, "change_message": "[{\"added\": {}}]"}}, {"model": "admin.logentry", "pk": 33, "fields": {"action_time": "2025-05-11T05:55:09.895Z", "user": 1, "content_type": 12, "object_id": "6", "object_repr": "Bathroom Essentials", "action_flag": 1, "change_message": "[{\"added\": {}}]"}}, {"model": "admin.logentry", "pk": 34, "fields": {"action_time": "2025-05-11T05:58:16.640Z", "user": 1, "content_type": 12, "object_id": "7", "object_repr": "Cleaning Tools", "action_flag": 1, "change_message": "[{\"added\": {}}]"}}, {"model": "admin.logentry", "pk": 35, "fields": {"action_time": "2025-05-11T06:12:22.396Z", "user": 1, "content_type": 11, "object_id": "4", "object_repr": "Aromatherapy tissue box (double layer)", "action_flag": 1, "change_message": "[{\"added\": {}}]"}}, {"model": "admin.logentry", "pk": 36, "fields": {"action_time": "2025-05-11T06:12:44.691Z", "user": 1, "content_type": 15, "object_id": "2", "object_repr": "Image for Aromatherapy tissue box (double layer)", "action_flag": 1, "change_message": "[{\"added\": {}}]"}}, {"model": "admin.logentry", "pk": 37, "fields": {"action_time": "2025-05-11T08:41:20.922Z", "user": 1, "content_type": 15, "object_id": "3", "object_repr": "Image for Aromatherapy tissue box (double layer)", "action_flag": 1, "change_message": "[{\"added\": {}}]"}}, {"model": "admin.logentry", "pk": 38, "fields": {"action_time": "2025-05-11T11:29:50.049Z", "user": 1, "content_type": 13, "object_id": "1", "object_repr": "quality: premium", "action_flag": 1, "change_message": "[{\"added\": {}}]"}}, {"model": "admin.logentry", "pk": 39, "fields": {"action_time": "2025-05-12T08:09:13.482Z", "user": 1, "content_type": 11, "object_id": "5", "object_repr": "Bowl Clamp", "action_flag": 1, "change_message": "[{\"added\": {}}]"}}, {"model": "admin.logentry", "pk": 40, "fields": {"action_time": "2025-05-12T08:09:42.949Z", "user": 1, "content_type": 15, "object_id": "4", "object_repr": "Image for Bowl Clamp", "action_flag": 1, "change_message": "[{\"added\": {}}]"}}, {"model": "admin.logentry", "pk": 41, "fields": {"action_time": "2025-05-12T08:09:55.776Z", "user": 1, "content_type": 15, "object_id": "5", "object_repr": "Image for Bowl Clamp", "action_flag": 1, "change_message": "[{\"added\": {}}]"}}, {"model": "admin.logentry", "pk": 42, "fields": {"action_time": "2025-05-12T09:50:10.590Z", "user": 1, "content_type": 11, "object_id": "6", "object_repr": "Automatic Toothpaste Dispenser", "action_flag": 1, "change_message": "[{\"added\": {}}]"}}, {"model": "admin.logentry", "pk": 43, "fields": {"action_time": "2025-05-12T11:30:27.073Z", "user": 1, "content_type": 15, "object_id": "6", "object_repr": "Image for Automatic Toothpaste Dispenser", "action_flag": 1, "change_message": "[{\"added\": {}}]"}}, {"model": "admin.logentry", "pk": 44, "fields": {"action_time": "2025-05-12T11:30:37.098Z", "user": 1, "content_type": 15, "object_id": "7", "object_repr": "Image for Automatic Toothpaste Dispenser", "action_flag": 1, "change_message": "[{\"added\": {}}]"}}, {"model": "admin.logentry", "pk": 45, "fields": {"action_time": "2025-05-12T11:37:46.033Z", "user": 1, "content_type": 11, "object_id": "7", "object_repr": "Disposable mop", "action_flag": 1, "change_message": "[{\"added\": {}}]"}}, {"model": "admin.logentry", "pk": 46, "fields": {"action_time": "2025-05-12T11:39:42.712Z", "user": 1, "content_type": 15, "object_id": "8", "object_repr": "Image for Disposable mop", "action_flag": 1, "change_message": "[{\"added\": {}}]"}}, {"model": "admin.logentry", "pk": 47, "fields": {"action_time": "2025-05-12T11:39:52.090Z", "user": 1, "content_type": 15, "object_id": "9", "object_repr": "Image for Disposable mop", "action_flag": 1, "change_message": "[{\"added\": {}}]"}}, {"model": "admin.logentry", "pk": 48, "fields": {"action_time": "2025-05-13T08:10:53.958Z", "user": 1, "content_type": 9, "object_id": "1", "object_repr": "harif@gmail.com", "action_flag": 2, "change_message": "[{\"changed\": {\"fields\": [\"Email\"]}}]"}}, {"model": "admin.logentry", "pk": 49, "fields": {"action_time": "2025-05-13T08:14:41.893Z", "user": 1, "content_type": 9, "object_id": "13", "object_repr": "temov90546@daupload.com", "action_flag": 3, "change_message": ""}}, {"model": "admin.logentry", "pk": 50, "fields": {"action_time": "2025-05-13T13:16:49.870Z", "user": 1, "content_type": 15, "object_id": "7", "object_repr": "Image for Automatic Toothpaste Dispenser", "action_flag": 2, "change_message": "[{\"changed\": {\"fields\": [\"Image\"]}}]"}}, {"model": "admin.logentry", "pk": 51, "fields": {"action_time": "2025-05-13T13:17:29.221Z", "user": 1, "content_type": 15, "object_id": "6", "object_repr": "Image for Automatic Toothpaste Dispenser", "action_flag": 3, "change_message": ""}}, {"model": "admin.logentry", "pk": 52, "fields": {"action_time": "2025-05-13T13:24:01.758Z", "user": 1, "content_type": 11, "object_id": "8", "object_repr": "Spice Rack", "action_flag": 1, "change_message": "[{\"added\": {}}]"}}, {"model": "admin.logentry", "pk": 53, "fields": {"action_time": "2025-05-13T13:25:15.264Z", "user": 1, "content_type": 15, "object_id": "10", "object_repr": "Image for Spice Rack", "action_flag": 1, "change_message": "[{\"added\": {}}]"}}, {"model": "admin.logentry", "pk": 54, "fields": {"action_time": "2025-05-13T13:25:27.262Z", "user": 1, "content_type": 15, "object_id": "11", "object_repr": "Image for Spice Rack", "action_flag": 1, "change_message": "[{\"added\": {}}]"}}, {"model": "admin.logentry", "pk": 55, "fields": {"action_time": "2025-05-13T13:25:38.954Z", "user": 1, "content_type": 15, "object_id": "12", "object_repr": "Image for Spice Rack", "action_flag": 1, "change_message": "[{\"added\": {}}]"}}, {"model": "admin.logentry", "pk": 56, "fields": {"action_time": "2025-05-13T13:25:49.909Z", "user": 1, "content_type": 15, "object_id": "13", "object_repr": "Image for Spice Rack", "action_flag": 1, "change_message": "[{\"added\": {}}]"}}, {"model": "admin.logentry", "pk": 57, "fields": {"action_time": "2025-05-13T13:33:02.527Z", "user": 1, "content_type": 11, "object_id": "9", "object_repr": "Kitchen Storage Rack", "action_flag": 1, "change_message": "[{\"added\": {}}]"}}, {"model": "admin.logentry", "pk": 58, "fields": {"action_time": "2025-05-13T13:33:22.466Z", "user": 1, "content_type": 15, "object_id": "14", "object_repr": "Image for Kitchen Storage Rack", "action_flag": 1, "change_message": "[{\"added\": {}}]"}}, {"model": "admin.logentry", "pk": 59, "fields": {"action_time": "2025-05-13T13:33:36.345Z", "user": 1, "content_type": 15, "object_id": "15", "object_repr": "Image for Kitchen Storage Rack", "action_flag": 1, "change_message": "[{\"added\": {}}]"}}, {"model": "admin.logentry", "pk": 60, "fields": {"action_time": "2025-05-13T13:33:50.768Z", "user": 1, "content_type": 15, "object_id": "16", "object_repr": "Image for Kitchen Storage Rack", "action_flag": 1, "change_message": "[{\"added\": {}}]"}}, {"model": "admin.logentry", "pk": 61, "fields": {"action_time": "2025-05-13T13:34:02.715Z", "user": 1, "content_type": 15, "object_id": "17", "object_repr": "Image for Kitchen Storage Rack", "action_flag": 1, "change_message": "[{\"added\": {}}]"}}, {"model": "admin.logentry", "pk": 62, "fields": {"action_time": "2025-05-13T13:36:47.245Z", "user": 1, "content_type": 11, "object_id": "5", "object_repr": "Bowl Clamp", "action_flag": 3, "change_message": ""}}, {"model": "admin.logentry", "pk": 63, "fields": {"action_time": "2025-05-13T13:37:03.145Z", "user": 1, "content_type": 11, "object_id": "7", "object_repr": "Disposable mop", "action_flag": 3, "change_message": ""}}, {"model": "admin.logentry", "pk": 64, "fields": {"action_time": "2025-05-13T13:37:12.045Z", "user": 1, "content_type": 11, "object_id": "4", "object_repr": "Aromatherapy tissue box (double layer)", "action_flag": 3, "change_message": ""}}, {"model": "admin.logentry", "pk": 65, "fields": {"action_time": "2025-05-13T13:43:39.481Z", "user": 1, "content_type": 11, "object_id": "10", "object_repr": "Compact Home Bin", "action_flag": 1, "change_message": "[{\"added\": {}}]"}}, {"model": "admin.logentry", "pk": 66, "fields": {"action_time": "2025-05-13T13:44:05.864Z", "user": 1, "content_type": 15, "object_id": "18", "object_repr": "Image for Compact Home Bin", "action_flag": 1, "change_message": "[{\"added\": {}}]"}}, {"model": "admin.logentry", "pk": 67, "fields": {"action_time": "2025-05-13T13:47:06.883Z", "user": 1, "content_type": 15, "object_id": "19", "object_repr": "Image for Compact Home Bin", "action_flag": 1, "change_message": "[{\"added\": {}}]"}}, {"model": "admin.logentry", "pk": 68, "fields": {"action_time": "2025-05-13T13:47:19.880Z", "user": 1, "content_type": 15, "object_id": "20", "object_repr": "Image for Compact Home Bin", "action_flag": 1, "change_message": "[{\"added\": {}}]"}}, {"model": "admin.logentry", "pk": 69, "fields": {"action_time": "2025-05-13T13:47:27.843Z", "user": 1, "content_type": 15, "object_id": "21", "object_repr": "Image for Compact Home Bin", "action_flag": 1, "change_message": "[{\"added\": {}}]"}}, {"model": "admin.logentry", "pk": 70, "fields": {"action_time": "2025-05-13T13:56:31.177Z", "user": 1, "content_type": 11, "object_id": "11", "object_repr": "Toilet Brush V3", "action_flag": 1, "change_message": "[{\"added\": {}}]"}}, {"model": "admin.logentry", "pk": 71, "fields": {"action_time": "2025-05-13T13:57:26.790Z", "user": 1, "content_type": 11, "object_id": "6", "object_repr": "Automatic Toothpaste Dispenser", "action_flag": 2, "change_message": "[]"}}, {"model": "admin.logentry", "pk": 72, "fields": {"action_time": "2025-05-13T13:57:37.867Z", "user": 1, "content_type": 11, "object_id": "11", "object_repr": "Toilet Brush V3", "action_flag": 2, "change_message": "[]"}}, {"model": "admin.logentry", "pk": 73, "fields": {"action_time": "2025-05-13T13:57:59.800Z", "user": 1, "content_type": 15, "object_id": "22", "object_repr": "Image for Toilet Brush V3", "action_flag": 1, "change_message": "[{\"added\": {}}]"}}, {"model": "admin.logentry", "pk": 74, "fields": {"action_time": "2025-05-13T13:58:20.177Z", "user": 1, "content_type": 15, "object_id": "23", "object_repr": "Image for Toilet Brush V3", "action_flag": 1, "change_message": "[{\"added\": {}}]"}}, {"model": "admin.logentry", "pk": 75, "fields": {"action_time": "2025-05-13T13:58:34.017Z", "user": 1, "content_type": 15, "object_id": "24", "object_repr": "Image for Toilet Brush V3", "action_flag": 1, "change_message": "[{\"added\": {}}]"}}, {"model": "admin.logentry", "pk": 76, "fields": {"action_time": "2025-05-13T13:58:48.619Z", "user": 1, "content_type": 15, "object_id": "25", "object_repr": "Image for Toilet Brush V3", "action_flag": 1, "change_message": "[{\"added\": {}}]"}}, {"model": "admin.logentry", "pk": 77, "fields": {"action_time": "2025-05-13T13:59:02.290Z", "user": 1, "content_type": 15, "object_id": "26", "object_repr": "Image for Toilet Brush V3", "action_flag": 1, "change_message": "[{\"added\": {}}]"}}, {"model": "admin.logentry", "pk": 78, "fields": {"action_time": "2025-05-14T05:46:55.356Z", "user": 1, "content_type": 11, "object_id": "12", "object_repr": "Shelf", "action_flag": 1, "change_message": "[{\"added\": {}}]"}}, {"model": "admin.logentry", "pk": 79, "fields": {"action_time": "2025-05-14T05:47:18.615Z", "user": 1, "content_type": 15, "object_id": "27", "object_repr": "Image for Shelf", "action_flag": 1, "change_message": "[{\"added\": {}}]"}}, {"model": "admin.logentry", "pk": 80, "fields": {"action_time": "2025-05-14T05:47:25.387Z", "user": 1, "content_type": 15, "object_id": "28", "object_repr": "Unlinked Image", "action_flag": 1, "change_message": "[{\"added\": {}}]"}}, {"model": "admin.logentry", "pk": 81, "fields": {"action_time": "2025-05-14T05:47:37.223Z", "user": 1, "content_type": 15, "object_id": "29", "object_repr": "Image for Shelf", "action_flag": 1, "change_message": "[{\"added\": {}}]"}}, {"model": "admin.logentry", "pk": 82, "fields": {"action_time": "2025-05-14T05:47:51.040Z", "user": 1, "content_type": 15, "object_id": "28", "object_repr": "Image for Shelf", "action_flag": 2, "change_message": "[{\"changed\": {\"fields\": [\"Product\"]}}]"}}, {"model": "admin.logentry", "pk": 83, "fields": {"action_time": "2025-05-14T05:48:04.223Z", "user": 1, "content_type": 15, "object_id": "30", "object_repr": "Image for Shelf", "action_flag": 1, "change_message": "[{\"added\": {}}]"}}, {"model": "admin.logentry", "pk": 84, "fields": {"action_time": "2025-05-14T05:48:16.625Z", "user": 1, "content_type": 15, "object_id": "31", "object_repr": "Image for Shelf", "action_flag": 1, "change_message": "[{\"added\": {}}]"}}, {"model": "admin.logentry", "pk": 85, "fields": {"action_time": "2025-05-14T05:55:32.698Z", "user": 1, "content_type": 11, "object_id": "13", "object_repr": "Double Cup Storage V2", "action_flag": 1, "change_message": "[{\"added\": {}}]"}}, {"model": "admin.logentry", "pk": 86, "fields": {"action_time": "2025-05-14T05:55:58.179Z", "user": 1, "content_type": 15, "object_id": "32", "object_repr": "Image for Double Cup Storage V2", "action_flag": 1, "change_message": "[{\"added\": {}}]"}}, {"model": "admin.logentry", "pk": 87, "fields": {"action_time": "2025-05-14T05:56:08.700Z", "user": 1, "content_type": 15, "object_id": "33", "object_repr": "Image for Double Cup Storage V2", "action_flag": 1, "change_message": "[{\"added\": {}}]"}}, {"model": "admin.logentry", "pk": 88, "fields": {"action_time": "2025-05-14T05:56:16.977Z", "user": 1, "content_type": 15, "object_id": "34", "object_repr": "Image for Double Cup Storage V2", "action_flag": 1, "change_message": "[{\"added\": {}}]"}}, {"model": "admin.logentry", "pk": 89, "fields": {"action_time": "2025-05-14T06:16:45.102Z", "user": 1, "content_type": 11, "object_id": "14", "object_repr": "Corner Shelf", "action_flag": 1, "change_message": "[{\"added\": {}}]"}}, {"model": "admin.logentry", "pk": 90, "fields": {"action_time": "2025-05-14T06:17:01.753Z", "user": 1, "content_type": 15, "object_id": "35", "object_repr": "Image for Corner Shelf", "action_flag": 1, "change_message": "[{\"added\": {}}]"}}, {"model": "admin.logentry", "pk": 91, "fields": {"action_time": "2025-05-14T06:17:10.837Z", "user": 1, "content_type": 15, "object_id": "36", "object_repr": "Image for Corner Shelf", "action_flag": 1, "change_message": "[{\"added\": {}}]"}}, {"model": "admin.logentry", "pk": 92, "fields": {"action_time": "2025-05-14T06:17:20.939Z", "user": 1, "content_type": 15, "object_id": "37", "object_repr": "Image for Corner Shelf", "action_flag": 1, "change_message": "[{\"added\": {}}]"}}, {"model": "admin.logentry", "pk": 93, "fields": {"action_time": "2025-05-14T06:17:30.674Z", "user": 1, "content_type": 15, "object_id": "38", "object_repr": "Image for Corner Shelf", "action_flag": 1, "change_message": "[{\"added\": {}}]"}}, {"model": "admin.logentry", "pk": 94, "fields": {"action_time": "2025-05-14T06:24:42.655Z", "user": 1, "content_type": 11, "object_id": "15", "object_repr": "Food Chopper", "action_flag": 1, "change_message": "[{\"added\": {}}]"}}, {"model": "admin.logentry", "pk": 95, "fields": {"action_time": "2025-05-14T06:25:24.072Z", "user": 1, "content_type": 15, "object_id": "39", "object_repr": "Image for Food Chopper", "action_flag": 1, "change_message": "[{\"added\": {}}]"}}, {"model": "admin.logentry", "pk": 96, "fields": {"action_time": "2025-05-14T06:25:35.256Z", "user": 1, "content_type": 15, "object_id": "40", "object_repr": "Image for Food Chopper", "action_flag": 1, "change_message": "[{\"added\": {}}]"}}, {"model": "admin.logentry", "pk": 97, "fields": {"action_time": "2025-05-14T06:25:45.480Z", "user": 1, "content_type": 15, "object_id": "41", "object_repr": "Image for Food Chopper", "action_flag": 1, "change_message": "[{\"added\": {}}]"}}, {"model": "admin.logentry", "pk": 98, "fields": {"action_time": "2025-05-14T06:25:55.856Z", "user": 1, "content_type": 15, "object_id": "42", "object_repr": "Image for Food Chopper", "action_flag": 1, "change_message": "[{\"added\": {}}]"}}, {"model": "admin.logentry", "pk": 99, "fields": {"action_time": "2025-05-14T06:31:50.492Z", "user": 1, "content_type": 11, "object_id": "16", "object_repr": "Kitchen Drying Station", "action_flag": 1, "change_message": "[{\"added\": {}}]"}}, {"model": "admin.logentry", "pk": 100, "fields": {"action_time": "2025-05-14T06:32:32.391Z", "user": 1, "content_type": 15, "object_id": "43", "object_repr": "Image for Kitchen Drying Station", "action_flag": 1, "change_message": "[{\"added\": {}}]"}}, {"model": "admin.logentry", "pk": 101, "fields": {"action_time": "2025-05-14T06:32:42.585Z", "user": 1, "content_type": 15, "object_id": "44", "object_repr": "Image for Kitchen Drying Station", "action_flag": 1, "change_message": "[{\"added\": {}}]"}}, {"model": "admin.logentry", "pk": 102, "fields": {"action_time": "2025-05-14T06:38:16.262Z", "user": 1, "content_type": 11, "object_id": "17", "object_repr": "Rack Organizer", "action_flag": 1, "change_message": "[{\"added\": {}}]"}}, {"model": "admin.logentry", "pk": 103, "fields": {"action_time": "2025-05-14T06:38:39.187Z", "user": 1, "content_type": 15, "object_id": "45", "object_repr": "Image for Rack Organizer", "action_flag": 1, "change_message": "[{\"added\": {}}]"}}, {"model": "admin.logentry", "pk": 104, "fields": {"action_time": "2025-05-14T06:39:52.503Z", "user": 1, "content_type": 15, "object_id": "46", "object_repr": "Image for Rack Organizer", "action_flag": 1, "change_message": "[{\"added\": {}}]"}}, {"model": "admin.logentry", "pk": 105, "fields": {"action_time": "2025-05-14T06:40:05.512Z", "user": 1, "content_type": 15, "object_id": "47", "object_repr": "Image for Rack Organizer", "action_flag": 1, "change_message": "[{\"added\": {}}]"}}, {"model": "admin.logentry", "pk": 106, "fields": {"action_time": "2025-05-14T06:40:18.713Z", "user": 1, "content_type": 15, "object_id": "48", "object_repr": "Image for Rack Organizer", "action_flag": 1, "change_message": "[{\"added\": {}}]"}}, {"model": "admin.logentry", "pk": 107, "fields": {"action_time": "2025-05-14T06:41:18.062Z", "user": 1, "content_type": 15, "object_id": "49", "object_repr": "Image for Rack Organizer", "action_flag": 1, "change_message": "[{\"added\": {}}]"}}, {"model": "admin.logentry", "pk": 108, "fields": {"action_time": "2025-05-14T06:47:18.267Z", "user": 1, "content_type": 11, "object_id": "18", "object_repr": "Toilet Brush V1", "action_flag": 1, "change_message": "[{\"added\": {}}]"}}, {"model": "admin.logentry", "pk": 109, "fields": {"action_time": "2025-05-14T06:47:34.649Z", "user": 1, "content_type": 15, "object_id": "50", "object_repr": "Image for Toilet Brush V1", "action_flag": 1, "change_message": "[{\"added\": {}}]"}}, {"model": "admin.logentry", "pk": 110, "fields": {"action_time": "2025-05-14T06:47:43.492Z", "user": 1, "content_type": 15, "object_id": "51", "object_repr": "Image for Toilet Brush V1", "action_flag": 1, "change_message": "[{\"added\": {}}]"}}, {"model": "admin.logentry", "pk": 111, "fields": {"action_time": "2025-05-14T06:47:56.011Z", "user": 1, "content_type": 15, "object_id": "52", "object_repr": "Image for Toilet Brush V1", "action_flag": 1, "change_message": "[{\"added\": {}}]"}}, {"model": "admin.logentry", "pk": 112, "fields": {"action_time": "2025-05-14T06:54:07.202Z", "user": 1, "content_type": 11, "object_id": "19", "object_repr": "Hair Dryer Station", "action_flag": 1, "change_message": "[{\"added\": {}}]"}}, {"model": "admin.logentry", "pk": 113, "fields": {"action_time": "2025-05-14T06:54:58.949Z", "user": 1, "content_type": 15, "object_id": "53", "object_repr": "Image for Hair Dryer Station", "action_flag": 1, "change_message": "[{\"added\": {}}]"}}, {"model": "admin.logentry", "pk": 114, "fields": {"action_time": "2025-05-14T06:55:08.568Z", "user": 1, "content_type": 15, "object_id": "54", "object_repr": "Image for Hair Dryer Station", "action_flag": 1, "change_message": "[{\"added\": {}}]"}}, {"model": "admin.logentry", "pk": 115, "fields": {"action_time": "2025-05-14T06:55:21.568Z", "user": 1, "content_type": 15, "object_id": "55", "object_repr": "Image for Hair Dryer Station", "action_flag": 1, "change_message": "[{\"added\": {}}]"}}, {"model": "admin.logentry", "pk": 116, "fields": {"action_time": "2025-05-14T06:55:32.551Z", "user": 1, "content_type": 15, "object_id": "56", "object_repr": "Image for Hair Dryer Station", "action_flag": 1, "change_message": "[{\"added\": {}}]"}}, {"model": "admin.logentry", "pk": 117, "fields": {"action_time": "2025-05-14T06:58:21.080Z", "user": 1, "content_type": 15, "object_id": "57", "object_repr": "Image for Automatic Toothpaste Dispenser", "action_flag": 1, "change_message": "[{\"added\": {}}]"}}, {"model": "admin.logentry", "pk": 118, "fields": {"action_time": "2025-05-14T06:58:42.027Z", "user": 1, "content_type": 15, "object_id": "58", "object_repr": "Image for Automatic Toothpaste Dispenser", "action_flag": 1, "change_message": "[{\"added\": {}}]"}}, {"model": "admin.logentry", "pk": 119, "fields": {"action_time": "2025-05-14T06:59:08.175Z", "user": 1, "content_type": 15, "object_id": "59", "object_repr": "Image for Automatic Toothpaste Dispenser", "action_flag": 1, "change_message": "[{\"added\": {}}]"}}, {"model": "admin.logentry", "pk": 120, "fields": {"action_time": "2025-05-14T07:05:35.072Z", "user": 1, "content_type": 11, "object_id": "20", "object_repr": "Broom Holder V2", "action_flag": 1, "change_message": "[{\"added\": {}}]"}}, {"model": "admin.logentry", "pk": 121, "fields": {"action_time": "2025-05-14T07:06:08.573Z", "user": 1, "content_type": 15, "object_id": "60", "object_repr": "Image for Broom Holder V2", "action_flag": 1, "change_message": "[{\"added\": {}}]"}}, {"model": "admin.logentry", "pk": 122, "fields": {"action_time": "2025-05-14T07:06:17.763Z", "user": 1, "content_type": 15, "object_id": "61", "object_repr": "Image for Broom Holder V2", "action_flag": 1, "change_message": "[{\"added\": {}}]"}}, {"model": "admin.logentry", "pk": 123, "fields": {"action_time": "2025-05-14T07:06:28.044Z", "user": 1, "content_type": 15, "object_id": "62", "object_repr": "Image for Broom Holder V2", "action_flag": 1, "change_message": "[{\"added\": {}}]"}}, {"model": "admin.logentry", "pk": 124, "fields": {"action_time": "2025-05-14T07:06:35.773Z", "user": 1, "content_type": 15, "object_id": "63", "object_repr": "Image for Broom Holder V2", "action_flag": 1, "change_message": "[{\"added\": {}}]"}}, {"model": "admin.logentry", "pk": 125, "fields": {"action_time": "2025-05-14T08:12:14.136Z", "user": 1, "content_type": 14, "object_id": "1", "object_repr": "Food Chopper - Color: 1000ml Black", "action_flag": 1, "change_message": "[{\"added\": {}}]"}}, {"model": "admin.logentry", "pk": 126, "fields": {"action_time": "2025-05-14T08:13:06.403Z", "user": 1, "content_type": 14, "object_id": "2", "object_repr": "Food Chopper - Color: 1000ml Grey", "action_flag": 1, "change_message": "[{\"added\": {}}]"}}, {"model": "admin.logentry", "pk": 127, "fields": {"action_time": "2025-05-14T11:03:00.633Z", "user": 1, "content_type": 15, "object_id": "42", "object_repr": "Image for Food Chopper - Variant: Food Chopper - Color: 1000ml Black", "action_flag": 2, "change_message": "[{\"changed\": {\"fields\": [\"Variant\"]}}]"}}, {"model": "admin.logentry", "pk": 128, "fields": {"action_time": "2025-05-14T11:05:38.517Z", "user": 1, "content_type": 14, "object_id": "3", "object_repr": "Food Chopper - Color: 550ml Black", "action_flag": 1, "change_message": "[{\"added\": {}}]"}}, {"model": "admin.logentry", "pk": 129, "fields": {"action_time": "2025-05-14T11:06:42.051Z", "user": 1, "content_type": 14, "object_id": "4", "object_repr": "Food Chopper - Color: 550ml Grey", "action_flag": 1, "change_message": "[{\"added\": {}}]"}}, {"model": "admin.logentry", "pk": 130, "fields": {"action_time": "2025-05-14T11:08:29.885Z", "user": 1, "content_type": 15, "object_id": "42", "object_repr": "Image for Food Chopper - Variant: Food Chopper - Color: 1000ml Black", "action_flag": 2, "change_message": "[{\"changed\": {\"fields\": [\"Image\"]}}]"}}, {"model": "admin.logentry", "pk": 131, "fields": {"action_time": "2025-05-14T11:16:20.860Z", "user": 1, "content_type": 15, "object_id": "40", "object_repr": "Image for Food Chopper - Variant: Food Chopper - Color: 550ml Black", "action_flag": 2, "change_message": "[{\"changed\": {\"fields\": [\"Variant\", \"Image\"]}}]"}}, {"model": "admin.logentry", "pk": 132, "fields": {"action_time": "2025-05-14T11:17:11.321Z", "user": 1, "content_type": 15, "object_id": "41", "object_repr": "Image for Food Chopper - Variant: Food Chopper - Color: 1000ml Grey", "action_flag": 2, "change_message": "[{\"changed\": {\"fields\": [\"Variant\", \"Image\"]}}]"}}, {"model": "admin.logentry", "pk": 133, "fields": {"action_time": "2025-05-14T11:17:48.223Z", "user": 1, "content_type": 15, "object_id": "39", "object_repr": "Image for Food Chopper - Variant: Food Chopper - Color: 550ml Grey", "action_flag": 2, "change_message": "[{\"changed\": {\"fields\": [\"Variant\", \"Image\"]}}]"}}, {"model": "admin.logentry", "pk": 134, "fields": {"action_time": "2025-05-14T11:19:06.223Z", "user": 1, "content_type": 14, "object_id": "5", "object_repr": "Food Chopper - Color: 200ml grey", "action_flag": 1, "change_message": "[{\"added\": {}}]"}}, {"model": "admin.logentry", "pk": 135, "fields": {"action_time": "2025-05-14T11:20:24.007Z", "user": 1, "content_type": 14, "object_id": "6", "object_repr": "Food Chopper - Color: 200ml Black", "action_flag": 1, "change_message": "[{\"added\": {}}]"}}, {"model": "admin.logentry", "pk": 136, "fields": {"action_time": "2025-05-14T11:21:04.043Z", "user": 1, "content_type": 15, "object_id": "64", "object_repr": "Image for Food Chopper - Variant: Food Chopper - Color: 200ml grey", "action_flag": 1, "change_message": "[{\"added\": {}}]"}}, {"model": "admin.logentry", "pk": 137, "fields": {"action_time": "2025-05-14T11:21:25.204Z", "user": 1, "content_type": 15, "object_id": "65", "object_repr": "Image for Food Chopper - Variant: Food Chopper - Color: 200ml Black", "action_flag": 1, "change_message": "[{\"added\": {}}]"}}, {"model": "admin.logentry", "pk": 138, "fields": {"action_time": "2025-05-14T11:57:24.156Z", "user": 1, "content_type": 11, "object_id": "15", "object_repr": "Food Chopper", "action_flag": 2, "change_message": "[{\"changed\": {\"fields\": [\"Price\"]}}]"}}, {"model": "admin.logentry", "pk": 139, "fields": {"action_time": "2025-05-14T11:57:38.989Z", "user": 1, "content_type": 11, "object_id": "15", "object_repr": "Food Chopper", "action_flag": 2, "change_message": "[]"}}, {"model": "admin.logentry", "pk": 140, "fields": {"action_time": "2025-05-14T11:57:54.306Z", "user": 1, "content_type": 14, "object_id": "6", "object_repr": "Food Chopper - Color: 200ml Black", "action_flag": 2, "change_message": "[{\"changed\": {\"fields\": [\"Price\"]}}]"}}, {"model": "admin.logentry", "pk": 141, "fields": {"action_time": "2025-05-14T11:58:03.940Z", "user": 1, "content_type": 14, "object_id": "5", "object_repr": "Food Chopper - Color: 200ml grey", "action_flag": 2, "change_message": "[{\"changed\": {\"fields\": [\"Price\"]}}]"}}, {"model": "admin.logentry", "pk": 142, "fields": {"action_time": "2025-05-14T11:58:15.605Z", "user": 1, "content_type": 14, "object_id": "3", "object_repr": "Food Chopper - Color: 550ml Black", "action_flag": 2, "change_message": "[{\"changed\": {\"fields\": [\"Price\"]}}]"}}, {"model": "admin.logentry", "pk": 143, "fields": {"action_time": "2025-05-14T11:58:29.988Z", "user": 1, "content_type": 14, "object_id": "4", "object_repr": "Food Chopper - Color: 550ml Grey", "action_flag": 2, "change_message": "[{\"changed\": {\"fields\": [\"Price\"]}}]"}}, {"model": "admin.logentry", "pk": 144, "fields": {"action_time": "2025-05-14T11:58:54.221Z", "user": 1, "content_type": 14, "object_id": "2", "object_repr": "Food Chopper - Color: 1000ml Grey", "action_flag": 2, "change_message": "[{\"changed\": {\"fields\": [\"Price\", \"Stock\"]}}]"}}, {"model": "admin.logentry", "pk": 145, "fields": {"action_time": "2025-05-14T11:59:15.306Z", "user": 1, "content_type": 14, "object_id": "1", "object_repr": "Food Chopper - Color: 1000ml Black", "action_flag": 2, "change_message": "[{\"changed\": {\"fields\": [\"Price\", \"Stock\"]}}]"}}, {"model": "admin.logentry", "pk": 146, "fields": {"action_time": "2025-05-14T12:49:48.348Z", "user": 1, "content_type": 11, "object_id": "15", "object_repr": "Food Chopper", "action_flag": 2, "change_message": "[{\"changed\": {\"fields\": [\"Price\"]}}]"}}, {"model": "admin.logentry", "pk": 147, "fields": {"action_time": "2025-05-14T12:49:53.937Z", "user": 1, "content_type": 11, "object_id": "15", "object_repr": "Food Chopper", "action_flag": 2, "change_message": "[]"}}, {"model": "admin.logentry", "pk": 148, "fields": {"action_time": "2025-05-14T13:21:02.872Z", "user": 1, "content_type": 14, "object_id": "7", "object_repr": "Compact Home Bin - Color: Black", "action_flag": 1, "change_message": "[{\"added\": {}}]"}}, {"model": "admin.logentry", "pk": 149, "fields": {"action_time": "2025-05-14T13:22:00.290Z", "user": 1, "content_type": 14, "object_id": "8", "object_repr": "Compact Home Bin - Color: Grey", "action_flag": 1, "change_message": "[{\"added\": {}}]"}}, {"model": "admin.logentry", "pk": 150, "fields": {"action_time": "2025-05-14T13:23:00.323Z", "user": 1, "content_type": 15, "object_id": "20", "object_repr": "Image for Compact Home Bin - Variant: Compact Home Bin - Color: Grey", "action_flag": 2, "change_message": "[{\"changed\": {\"fields\": [\"Variant\"]}}]"}}, {"model": "admin.logentry", "pk": 151, "fields": {"action_time": "2025-05-14T13:23:18.911Z", "user": 1, "content_type": 15, "object_id": "19", "object_repr": "Image for Compact Home Bin - Variant: Compact Home Bin - Color: Grey", "action_flag": 2, "change_message": "[{\"changed\": {\"fields\": [\"Variant\"]}}]"}}, {"model": "admin.logentry", "pk": 152, "fields": {"action_time": "2025-05-14T13:23:53.495Z", "user": 1, "content_type": 15, "object_id": "18", "object_repr": "Image for Compact Home Bin - Variant: Compact Home Bin - Color: Black", "action_flag": 2, "change_message": "[{\"changed\": {\"fields\": [\"Variant\", \"Image\"]}}]"}}, {"model": "admin.logentry", "pk": 153, "fields": {"action_time": "2025-05-14T13:24:23.524Z", "user": 1, "content_type": 15, "object_id": "21", "object_repr": "Image for Compact Home Bin - Variant: Compact Home Bin - Color: Grey", "action_flag": 2, "change_message": "[{\"changed\": {\"fields\": [\"Variant\"]}}]"}}, {"model": "admin.logentry", "pk": 154, "fields": {"action_time": "2025-05-14T13:25:47.559Z", "user": 1, "content_type": 11, "object_id": "10", "object_repr": "Compact Home Bin", "action_flag": 2, "change_message": "[{\"changed\": {\"fields\": [\"Price\"]}}]"}}, {"model": "admin.logentry", "pk": 155, "fields": {"action_time": "2025-05-14T13:27:50.429Z", "user": 1, "content_type": 15, "object_id": "18", "object_repr": "Image for Compact Home Bin - Variant: Compact Home Bin - Color: Black", "action_flag": 2, "change_message": "[{\"changed\": {\"fields\": [\"Image\"]}}]"}}, {"model": "admin.logentry", "pk": 156, "fields": {"action_time": "2025-05-14T13:30:21.160Z", "user": 1, "content_type": 14, "object_id": "9", "object_repr": "Shelf - Color: Black", "action_flag": 1, "change_message": "[{\"added\": {}}]"}}, {"model": "admin.logentry", "pk": 157, "fields": {"action_time": "2025-05-14T13:31:07.227Z", "user": 1, "content_type": 14, "object_id": "10", "object_repr": "Shelf - Color: Grey", "action_flag": 1, "change_message": "[{\"added\": {}}]"}}, {"model": "admin.logentry", "pk": 158, "fields": {"action_time": "2025-05-14T13:34:10.845Z", "user": 1, "content_type": 14, "object_id": "11", "object_repr": "Shelf - Color: Black + Bar", "action_flag": 1, "change_message": "[{\"added\": {}}]"}}, {"model": "admin.logentry", "pk": 159, "fields": {"action_time": "2025-05-14T13:35:02.178Z", "user": 1, "content_type": 14, "object_id": "12", "object_repr": "Shelf - Color: Grey + Bar", "action_flag": 1, "change_message": "[{\"added\": {}}]"}}, {"model": "admin.logentry", "pk": 160, "fields": {"action_time": "2025-05-14T13:35:51.995Z", "user": 1, "content_type": 15, "object_id": "31", "object_repr": "Image for Shelf - Variant: Shelf - Color: Black", "action_flag": 2, "change_message": "[{\"changed\": {\"fields\": [\"Variant\", \"Image\"]}}]"}}, {"model": "admin.logentry", "pk": 161, "fields": {"action_time": "2025-05-14T13:36:19.421Z", "user": 1, "content_type": 15, "object_id": "30", "object_repr": "Image for Shelf - Variant: Shelf - Color: Grey", "action_flag": 2, "change_message": "[{\"changed\": {\"fields\": [\"Variant\", \"Image\"]}}]"}}, {"model": "admin.logentry", "pk": 162, "fields": {"action_time": "2025-05-14T13:41:22.447Z", "user": 1, "content_type": 15, "object_id": "29", "object_repr": "Image for Shelf - Variant: Shelf - Color: Grey + Bar", "action_flag": 2, "change_message": "[{\"changed\": {\"fields\": [\"Variant\"]}}]"}}, {"model": "admin.logentry", "pk": 163, "fields": {"action_time": "2025-05-14T13:41:48.948Z", "user": 1, "content_type": 15, "object_id": "28", "object_repr": "Image for Shelf - Variant: Shelf - Color: Black + Bar", "action_flag": 2, "change_message": "[{\"changed\": {\"fields\": [\"Variant\", \"Image\"]}}]"}}, {"model": "admin.logentry", "pk": 164, "fields": {"action_time": "2025-05-14T13:45:44.966Z", "user": 1, "content_type": 14, "object_id": "13", "object_repr": "Double Cup Storage V2 - Color: Pink", "action_flag": 1, "change_message": "[{\"added\": {}}]"}}, {"model": "admin.logentry", "pk": 165, "fields": {"action_time": "2025-05-14T13:47:10.207Z", "user": 1, "content_type": 14, "object_id": "14", "object_repr": "Double Cup Storage V2 - Color: Blue", "action_flag": 1, "change_message": "[{\"added\": {}}]"}}, {"model": "admin.logentry", "pk": 166, "fields": {"action_time": "2025-05-14T13:47:16.600Z", "user": 1, "content_type": 14, "object_id": "13", "object_repr": "Double Cup Storage V2 - Color: Pink", "action_flag": 2, "change_message": "[{\"changed\": {\"fields\": [\"Price\"]}}]"}}, {"model": "admin.logentry", "pk": 167, "fields": {"action_time": "2025-05-14T13:47:33.413Z", "user": 1, "content_type": 11, "object_id": "13", "object_repr": "Double Cup Storage V2", "action_flag": 2, "change_message": "[{\"changed\": {\"fields\": [\"Price\"]}}]"}}, {"model": "admin.logentry", "pk": 168, "fields": {"action_time": "2025-05-14T13:49:06.264Z", "user": 1, "content_type": 14, "object_id": "15", "object_repr": "Double Cup Storage V2 - Color: Grey", "action_flag": 1, "change_message": "[{\"added\": {}}]"}}, {"model": "admin.logentry", "pk": 169, "fields": {"action_time": "2025-05-14T13:49:47.267Z", "user": 1, "content_type": 15, "object_id": "34", "object_repr": "Image for Double Cup Storage V2 - Variant: Double Cup Storage V2 - Color: Blue", "action_flag": 2, "change_message": "[{\"changed\": {\"fields\": [\"Variant\"]}}]"}}, {"model": "admin.logentry", "pk": 170, "fields": {"action_time": "2025-05-14T13:50:02.017Z", "user": 1, "content_type": 15, "object_id": "33", "object_repr": "Image for Double Cup Storage V2 - Variant: Double Cup Storage V2 - Color: Grey", "action_flag": 2, "change_message": "[{\"changed\": {\"fields\": [\"Variant\"]}}]"}}, {"model": "admin.logentry", "pk": 171, "fields": {"action_time": "2025-05-14T13:50:32.068Z", "user": 1, "content_type": 15, "object_id": "32", "object_repr": "Image for Double Cup Storage V2 - Variant: Double Cup Storage V2 - Color: Pink", "action_flag": 2, "change_message": "[{\"changed\": {\"fields\": [\"Variant\"]}}]"}}, {"model": "admin.logentry", "pk": 172, "fields": {"action_time": "2025-05-14T13:53:29.852Z", "user": 1, "content_type": 14, "object_id": "16", "object_repr": "Corner Shelf - Color: Grey", "action_flag": 1, "change_message": "[{\"added\": {}}]"}}, {"model": "admin.logentry", "pk": 173, "fields": {"action_time": "2025-05-14T13:54:12.903Z", "user": 1, "content_type": 14, "object_id": "17", "object_repr": "Corner Shelf - Color: Black", "action_flag": 1, "change_message": "[{\"added\": {}}]"}}, {"model": "admin.logentry", "pk": 174, "fields": {"action_time": "2025-05-14T13:54:48.170Z", "user": 1, "content_type": 15, "object_id": "38", "object_repr": "Image for Corner Shelf - Variant: Corner Shelf - Color: Grey", "action_flag": 2, "change_message": "[{\"changed\": {\"fields\": [\"Variant\"]}}]"}}, {"model": "admin.logentry", "pk": 175, "fields": {"action_time": "2025-05-14T13:55:04.253Z", "user": 1, "content_type": 15, "object_id": "37", "object_repr": "Image for Corner Shelf - Variant: Corner Shelf - Color: Black", "action_flag": 2, "change_message": "[{\"changed\": {\"fields\": [\"Variant\"]}}]"}}, {"model": "admin.logentry", "pk": 176, "fields": {"action_time": "2025-05-14T13:55:27.754Z", "user": 1, "content_type": 15, "object_id": "36", "object_repr": "Image for Corner Shelf - Variant: Corner Shelf - Color: Black", "action_flag": 2, "change_message": "[{\"changed\": {\"fields\": [\"Variant\", \"Image\"]}}]"}}, {"model": "admin.logentry", "pk": 177, "fields": {"action_time": "2025-05-14T13:55:51.470Z", "user": 1, "content_type": 15, "object_id": "35", "object_repr": "Image for Corner Shelf - Variant: Corner Shelf - Color: Grey", "action_flag": 2, "change_message": "[{\"changed\": {\"fields\": [\"Variant\"]}}]"}}, {"model": "admin.logentry", "pk": 178, "fields": {"action_time": "2025-05-14T13:56:15.989Z", "user": 1, "content_type": 11, "object_id": "14", "object_repr": "Corner Shelf", "action_flag": 2, "change_message": "[{\"changed\": {\"fields\": [\"Price\"]}}]"}}, {"model": "admin.logentry", "pk": 179, "fields": {"action_time": "2025-05-14T13:58:43.138Z", "user": 1, "content_type": 15, "object_id": "36", "object_repr": "Image for Corner Shelf - Variant: Corner Shelf - Color: Black", "action_flag": 2, "change_message": "[{\"changed\": {\"fields\": [\"Image\"]}}]"}}, {"model": "admin.logentry", "pk": 180, "fields": {"action_time": "2025-05-14T14:06:08.859Z", "user": 1, "content_type": 11, "object_id": "8", "object_repr": "Spice Rack", "action_flag": 2, "change_message": "[{\"changed\": {\"fields\": [\"Price\"]}}]"}}, {"model": "admin.logentry", "pk": 181, "fields": {"action_time": "2025-05-14T14:08:04.825Z", "user": 1, "content_type": 14, "object_id": "18", "object_repr": "Spice Rack - Color: Triple Cup Black", "action_flag": 1, "change_message": "[{\"added\": {}}]"}}, {"model": "admin.logentry", "pk": 182, "fields": {"action_time": "2025-05-14T14:09:14.275Z", "user": 1, "content_type": 14, "object_id": "19", "object_repr": "Spice Rack - Color: Triple Cup Grey", "action_flag": 1, "change_message": "[{\"added\": {}}]"}}, {"model": "admin.logentry", "pk": 183, "fields": {"action_time": "2025-05-14T14:10:21.226Z", "user": 1, "content_type": 14, "object_id": "20", "object_repr": "Spice Rack - Color: Double Cup Black", "action_flag": 1, "change_message": "[{\"added\": {}}]"}}, {"model": "admin.logentry", "pk": 184, "fields": {"action_time": "2025-05-14T14:11:24.209Z", "user": 1, "content_type": 14, "object_id": "21", "object_repr": "Spice Rack - Color: Double Cup Grey", "action_flag": 1, "change_message": "[{\"added\": {}}]"}}, {"model": "admin.logentry", "pk": 185, "fields": {"action_time": "2025-05-14T14:12:05.626Z", "user": 1, "content_type": 15, "object_id": "13", "object_repr": "Image for Spice Rack - Variant: Spice Rack - Color: Double Cup Grey", "action_flag": 2, "change_message": "[{\"changed\": {\"fields\": [\"Variant\"]}}]"}}, {"model": "admin.logentry", "pk": 186, "fields": {"action_time": "2025-05-14T14:12:27.893Z", "user": 1, "content_type": 15, "object_id": "12", "object_repr": "Image for Spice Rack - Variant: Spice Rack - Color: Triple Cup Grey", "action_flag": 2, "change_message": "[{\"changed\": {\"fields\": [\"Variant\"]}}]"}}, {"model": "admin.logentry", "pk": 187, "fields": {"action_time": "2025-05-14T14:12:49.110Z", "user": 1, "content_type": 15, "object_id": "11", "object_repr": "Image for Spice Rack - Variant: Spice Rack - Color: Triple Cup Black", "action_flag": 2, "change_message": "[{\"changed\": {\"fields\": [\"Variant\"]}}]"}}, {"model": "admin.logentry", "pk": 188, "fields": {"action_time": "2025-05-14T14:13:01.506Z", "user": 1, "content_type": 15, "object_id": "10", "object_repr": "Image for Spice Rack - Variant: Spice Rack - Color: Triple Cup Black", "action_flag": 2, "change_message": "[{\"changed\": {\"fields\": [\"Variant\"]}}]"}}, {"model": "admin.logentry", "pk": 189, "fields": {"action_time": "2025-05-15T05:50:40.599Z", "user": 1, "content_type": 14, "object_id": "22", "object_repr": "Kitchen Storage Rack - Color: Black L", "action_flag": 1, "change_message": "[{\"added\": {}}]"}}, {"model": "admin.logentry", "pk": 190, "fields": {"action_time": "2025-05-15T05:51:34.430Z", "user": 1, "content_type": 14, "object_id": "23", "object_repr": "Kitchen Storage Rack - Color: Grey L", "action_flag": 1, "change_message": "[{\"added\": {}}]"}}, {"model": "admin.logentry", "pk": 191, "fields": {"action_time": "2025-05-15T05:52:26.966Z", "user": 1, "content_type": 14, "object_id": "24", "object_repr": "Kitchen Storage Rack - Color: Black S", "action_flag": 1, "change_message": "[{\"added\": {}}]"}}, {"model": "admin.logentry", "pk": 192, "fields": {"action_time": "2025-05-15T05:53:21.583Z", "user": 1, "content_type": 14, "object_id": "25", "object_repr": "Kitchen Storage Rack - Color: Grey S", "action_flag": 1, "change_message": "[{\"added\": {}}]"}}, {"model": "admin.logentry", "pk": 193, "fields": {"action_time": "2025-05-15T05:55:11.850Z", "user": 1, "content_type": 15, "object_id": "17", "object_repr": "Image for Kitchen Storage Rack - Variant: Kitchen Storage Rack - Color: Black L", "action_flag": 2, "change_message": "[{\"changed\": {\"fields\": [\"Variant\", \"Image\"]}}]"}}, {"model": "admin.logentry", "pk": 194, "fields": {"action_time": "2025-05-15T05:55:35.233Z", "user": 1, "content_type": 15, "object_id": "16", "object_repr": "Image for Kitchen Storage Rack - Variant: Kitchen Storage Rack - Color: Black L", "action_flag": 2, "change_message": "[{\"changed\": {\"fields\": [\"Variant\"]}}]"}}, {"model": "admin.logentry", "pk": 195, "fields": {"action_time": "2025-05-15T05:55:55.350Z", "user": 1, "content_type": 15, "object_id": "15", "object_repr": "Image for Kitchen Storage Rack - Variant: Kitchen Storage Rack - Color: Black L", "action_flag": 2, "change_message": "[{\"changed\": {\"fields\": [\"Variant\"]}}]"}}, {"model": "admin.logentry", "pk": 196, "fields": {"action_time": "2025-05-15T05:56:17.101Z", "user": 1, "content_type": 15, "object_id": "14", "object_repr": "Image for Kitchen Storage Rack - Variant: Kitchen Storage Rack - Color: Black L", "action_flag": 2, "change_message": "[{\"changed\": {\"fields\": [\"Variant\", \"Image\"]}}]"}}, {"model": "admin.logentry", "pk": 197, "fields": {"action_time": "2025-05-15T05:58:36.402Z", "user": 1, "content_type": 15, "object_id": "66", "object_repr": "Image for Kitchen Storage Rack - Variant: Kitchen Storage Rack - Color: Grey L", "action_flag": 1, "change_message": "[{\"added\": {}}]"}}, {"model": "admin.logentry", "pk": 198, "fields": {"action_time": "2025-05-15T05:59:00.806Z", "user": 1, "content_type": 15, "object_id": "67", "object_repr": "Image for Kitchen Storage Rack - Variant: Kitchen Storage Rack - Color: Black S", "action_flag": 1, "change_message": "[{\"added\": {}}]"}}, {"model": "admin.logentry", "pk": 199, "fields": {"action_time": "2025-05-15T05:59:22.623Z", "user": 1, "content_type": 15, "object_id": "68", "object_repr": "Image for Kitchen Storage Rack - Variant: Kitchen Storage Rack - Color: Grey S", "action_flag": 1, "change_message": "[{\"added\": {}}]"}}, {"model": "admin.logentry", "pk": 200, "fields": {"action_time": "2025-05-15T06:04:06.054Z", "user": 1, "content_type": 14, "object_id": "26", "object_repr": "Kitchen Drying Station - Color: Black", "action_flag": 1, "change_message": "[{\"added\": {}}]"}}, {"model": "admin.logentry", "pk": 201, "fields": {"action_time": "2025-05-15T06:04:47.154Z", "user": 1, "content_type": 15, "object_id": "44", "object_repr": "Image for Kitchen Drying Station - Variant: Kitchen Drying Station - Color: Black", "action_flag": 2, "change_message": "[{\"changed\": {\"fields\": [\"Variant\"]}}]"}}, {"model": "admin.logentry", "pk": 202, "fields": {"action_time": "2025-05-15T06:04:56.421Z", "user": 1, "content_type": 15, "object_id": "43", "object_repr": "Image for Kitchen Drying Station - Variant: Kitchen Drying Station - Color: Black", "action_flag": 2, "change_message": "[{\"changed\": {\"fields\": [\"Variant\"]}}]"}}, {"model": "admin.logentry", "pk": 203, "fields": {"action_time": "2025-05-15T06:08:37.022Z", "user": 1, "content_type": 14, "object_id": "27", "object_repr": "Automatic Toothpaste Dispenser - Color: Sleek Black", "action_flag": 1, "change_message": "[{\"added\": {}}]"}}, {"model": "admin.logentry", "pk": 204, "fields": {"action_time": "2025-05-15T06:09:55.657Z", "user": 1, "content_type": 14, "object_id": "28", "object_repr": "Automatic Toothpaste Dispenser - Color: Light Grey", "action_flag": 1, "change_message": "[{\"added\": {}}]"}}, {"model": "admin.logentry", "pk": 205, "fields": {"action_time": "2025-05-15T06:10:47.045Z", "user": 1, "content_type": 15, "object_id": "59", "object_repr": "Image for Automatic Toothpaste Dispenser - Variant: Automatic Toothpaste Dispenser - Color: Sleek Black", "action_flag": 2, "change_message": "[{\"changed\": {\"fields\": [\"Variant\", \"Image\"]}}]"}}, {"model": "admin.logentry", "pk": 206, "fields": {"action_time": "2025-05-15T06:11:00.041Z", "user": 1, "content_type": 15, "object_id": "58", "object_repr": "Image for Automatic Toothpaste Dispenser - Variant: Automatic Toothpaste Dispenser - Color: Sleek Black", "action_flag": 2, "change_message": "[{\"changed\": {\"fields\": [\"Variant\"]}}]"}}, {"model": "admin.logentry", "pk": 207, "fields": {"action_time": "2025-05-15T06:12:03.774Z", "user": 1, "content_type": 15, "object_id": "57", "object_repr": "Image for Automatic Toothpaste Dispenser - Variant: Automatic Toothpaste Dispenser - Color: Light Grey", "action_flag": 2, "change_message": "[{\"changed\": {\"fields\": [\"Variant\", \"Image\"]}}]"}}, {"model": "admin.logentry", "pk": 208, "fields": {"action_time": "2025-05-15T06:12:26.695Z", "user": 1, "content_type": 15, "object_id": "69", "object_repr": "Image for Automatic Toothpaste Dispenser - Variant: Automatic Toothpaste Dispenser - Color: Light Grey", "action_flag": 1, "change_message": "[{\"added\": {}}]"}}, {"model": "admin.logentry", "pk": 209, "fields": {"action_time": "2025-05-15T06:13:07.341Z", "user": 1, "content_type": 15, "object_id": "7", "object_repr": "Image for Automatic Toothpaste Dispenser", "action_flag": 3, "change_message": ""}}, {"model": "admin.logentry", "pk": 210, "fields": {"action_time": "2025-05-15T06:22:13.696Z", "user": 1, "content_type": 14, "object_id": "29", "object_repr": "Rack Organizer - Color: Black L", "action_flag": 1, "change_message": "[{\"added\": {}}]"}}, {"model": "admin.logentry", "pk": 211, "fields": {"action_time": "2025-05-15T06:22:50.995Z", "user": 1, "content_type": 14, "object_id": "30", "object_repr": "Rack Organizer - Color: Black S", "action_flag": 1, "change_message": "[{\"added\": {}}]"}}, {"model": "admin.logentry", "pk": 212, "fields": {"action_time": "2025-05-15T06:23:29.543Z", "user": 1, "content_type": 14, "object_id": "31", "object_repr": "Rack Organizer - Color: Grey L", "action_flag": 1, "change_message": "[{\"added\": {}}]"}}, {"model": "admin.logentry", "pk": 213, "fields": {"action_time": "2025-05-15T06:24:08.062Z", "user": 1, "content_type": 14, "object_id": "32", "object_repr": "Rack Organizer - Color: Grey S", "action_flag": 1, "change_message": "[{\"added\": {}}]"}}, {"model": "admin.logentry", "pk": 214, "fields": {"action_time": "2025-05-15T06:25:04.302Z", "user": 1, "content_type": 15, "object_id": "49", "object_repr": "Image for Rack Organizer - Variant: Rack Organizer - Color: Black L", "action_flag": 2, "change_message": "[{\"changed\": {\"fields\": [\"Variant\", \"Image\"]}}]"}}, {"model": "admin.logentry", "pk": 215, "fields": {"action_time": "2025-05-15T06:25:20.423Z", "user": 1, "content_type": 15, "object_id": "48", "object_repr": "Image for Rack Organizer - Variant: Rack Organizer - Color: Grey S", "action_flag": 2, "change_message": "[{\"changed\": {\"fields\": [\"Variant\"]}}]"}}, {"model": "admin.logentry", "pk": 216, "fields": {"action_time": "2025-05-15T06:25:33.769Z", "user": 1, "content_type": 15, "object_id": "47", "object_repr": "Image for Rack Organizer - Variant: Rack Organizer - Color: Grey L", "action_flag": 2, "change_message": "[{\"changed\": {\"fields\": [\"Variant\"]}}]"}}, {"model": "admin.logentry", "pk": 217, "fields": {"action_time": "2025-05-15T06:25:46.363Z", "user": 1, "content_type": 15, "object_id": "46", "object_repr": "Image for Rack Organizer - Variant: Rack Organizer - Color: Black L", "action_flag": 2, "change_message": "[{\"changed\": {\"fields\": [\"Variant\"]}}]"}}, {"model": "admin.logentry", "pk": 218, "fields": {"action_time": "2025-05-15T06:26:20.832Z", "user": 1, "content_type": 15, "object_id": "45", "object_repr": "Image for Rack Organizer - Variant: Rack Organizer - Color: Black S", "action_flag": 2, "change_message": "[{\"changed\": {\"fields\": [\"Variant\", \"Image\"]}}]"}}, {"model": "admin.logentry", "pk": 219, "fields": {"action_time": "2025-05-15T06:27:36.581Z", "user": 1, "content_type": 15, "object_id": "70", "object_repr": "Image for Rack Organizer - Variant: Rack Organizer - Color: Grey S", "action_flag": 1, "change_message": "[{\"added\": {}}]"}}, {"model": "admin.logentry", "pk": 220, "fields": {"action_time": "2025-05-15T06:29:35.665Z", "user": 1, "content_type": 14, "object_id": "33", "object_repr": "Toilet Brush V1 - Color: Grey", "action_flag": 1, "change_message": "[{\"added\": {}}]"}}, {"model": "admin.logentry", "pk": 221, "fields": {"action_time": "2025-05-15T06:30:25.815Z", "user": 1, "content_type": 15, "object_id": "50", "object_repr": "Image for Toilet Brush V1 - Variant: Toilet Brush V1 - Color: Grey", "action_flag": 2, "change_message": "[{\"changed\": {\"fields\": [\"Variant\"]}}]"}}, {"model": "admin.logentry", "pk": 222, "fields": {"action_time": "2025-05-15T06:30:35.449Z", "user": 1, "content_type": 15, "object_id": "51", "object_repr": "Image for Toilet Brush V1 - Variant: Toilet Brush V1 - Color: Grey", "action_flag": 2, "change_message": "[{\"changed\": {\"fields\": [\"Variant\"]}}]"}}, {"model": "admin.logentry", "pk": 223, "fields": {"action_time": "2025-05-15T06:30:51.282Z", "user": 1, "content_type": 15, "object_id": "52", "object_repr": "Image for Toilet Brush V1 - Variant: Toilet Brush V1 - Color: Grey", "action_flag": 2, "change_message": "[{\"changed\": {\"fields\": [\"Variant\"]}}]"}}, {"model": "admin.logentry", "pk": 224, "fields": {"action_time": "2025-05-15T06:31:54.916Z", "user": 1, "content_type": 11, "object_id": "18", "object_repr": "Toilet Brush V1", "action_flag": 2, "change_message": "[{\"changed\": {\"fields\": [\"Price\"]}}]"}}, {"model": "admin.logentry", "pk": 225, "fields": {"action_time": "2025-05-15T06:32:17.847Z", "user": 1, "content_type": 14, "object_id": "33", "object_repr": "Toilet Brush V1 - Color: Grey", "action_flag": 2, "change_message": "[{\"changed\": {\"fields\": [\"Price\"]}}]"}}, {"model": "admin.logentry", "pk": 226, "fields": {"action_time": "2025-05-15T06:44:48.688Z", "user": 1, "content_type": 14, "object_id": "34", "object_repr": "Hair Dryer Station - Color: Black L", "action_flag": 1, "change_message": "[{\"added\": {}}]"}}, {"model": "admin.logentry", "pk": 227, "fields": {"action_time": "2025-05-15T06:45:25.821Z", "user": 1, "content_type": 14, "object_id": "35", "object_repr": "Hair Dryer Station - Color: Grey L", "action_flag": 1, "change_message": "[{\"added\": {}}]"}}, {"model": "admin.logentry", "pk": 228, "fields": {"action_time": "2025-05-15T06:46:01.655Z", "user": 1, "content_type": 14, "object_id": "36", "object_repr": "Hair Dryer Station - Color: Black S", "action_flag": 1, "change_message": "[{\"added\": {}}]"}}, {"model": "admin.logentry", "pk": 229, "fields": {"action_time": "2025-05-15T06:46:23.411Z", "user": 1, "content_type": 14, "object_id": "37", "object_repr": "Hair Dryer Station - Color: Grey S", "action_flag": 1, "change_message": "[{\"added\": {}}]"}}, {"model": "admin.logentry", "pk": 230, "fields": {"action_time": "2025-05-15T06:48:01.306Z", "user": 1, "content_type": 15, "object_id": "56", "object_repr": "Image for Hair Dryer Station - Variant: Hair Dryer Station - Color: Black S", "action_flag": 2, "change_message": "[{\"changed\": {\"fields\": [\"Variant\"]}}]"}}, {"model": "admin.logentry", "pk": 231, "fields": {"action_time": "2025-05-15T06:48:16.039Z", "user": 1, "content_type": 15, "object_id": "55", "object_repr": "Image for Hair Dryer Station - Variant: Hair Dryer Station - Color: Grey S", "action_flag": 2, "change_message": "[{\"changed\": {\"fields\": [\"Variant\"]}}]"}}, {"model": "admin.logentry", "pk": 232, "fields": {"action_time": "2025-05-15T06:48:28.239Z", "user": 1, "content_type": 15, "object_id": "54", "object_repr": "Image for Hair Dryer Station - Variant: Hair Dryer Station - Color: Grey L", "action_flag": 2, "change_message": "[{\"changed\": {\"fields\": [\"Variant\"]}}]"}}, {"model": "admin.logentry", "pk": 233, "fields": {"action_time": "2025-05-15T06:48:44.310Z", "user": 1, "content_type": 15, "object_id": "53", "object_repr": "Image for Hair Dryer Station - Variant: Hair Dryer Station - Color: Black L", "action_flag": 2, "change_message": "[{\"changed\": {\"fields\": [\"Variant\"]}}]"}}, {"model": "admin.logentry", "pk": 234, "fields": {"action_time": "2025-05-15T06:50:30.073Z", "user": 1, "content_type": 11, "object_id": "6", "object_repr": "Automatic Toothpaste Dispenser", "action_flag": 2, "change_message": "[{\"changed\": {\"fields\": [\"Brand\", \"Brand [en]\", \"Brand [ar]\"]}}]"}}, {"model": "admin.logentry", "pk": 235, "fields": {"action_time": "2025-05-15T06:57:12.189Z", "user": 1, "content_type": 14, "object_id": "38", "object_repr": "Toilet Brush V3 - Color: Grey", "action_flag": 1, "change_message": "[{\"added\": {}}]"}}, {"model": "admin.logentry", "pk": 236, "fields": {"action_time": "2025-05-15T06:57:29.557Z", "user": 1, "content_type": 14, "object_id": "39", "object_repr": "Toilet Brush V3 - Color: Black", "action_flag": 1, "change_message": "[{\"added\": {}}]"}}, {"model": "admin.logentry", "pk": 237, "fields": {"action_time": "2025-05-15T06:59:02.782Z", "user": 1, "content_type": 14, "object_id": "40", "object_repr": "Toilet Brush V3 - Color: Lemon 32 pc", "action_flag": 1, "change_message": "[{\"added\": {}}]"}}, {"model": "admin.logentry", "pk": 238, "fields": {"action_time": "2025-05-15T07:00:04.211Z", "user": 1, "content_type": 14, "object_id": "41", "object_repr": "Toilet Brush V3 - Color: Lavender 32 pc", "action_flag": 1, "change_message": "[{\"added\": {}}]"}}, {"model": "admin.logentry", "pk": 239, "fields": {"action_time": "2025-05-15T07:01:00.878Z", "user": 1, "content_type": 14, "object_id": "42", "object_repr": "Toilet Brush V3 - Color: Ocean 32 pc", "action_flag": 1, "change_message": "[{\"added\": {}}]"}}, {"model": "admin.logentry", "pk": 240, "fields": {"action_time": "2025-05-15T07:02:32.412Z", "user": 1, "content_type": 15, "object_id": "26", "object_repr": "Image for Toilet Brush V3 - Variant: Toilet Brush V3 - Color: Lemon 32 pc", "action_flag": 2, "change_message": "[{\"changed\": {\"fields\": [\"Variant\"]}}]"}}, {"model": "admin.logentry", "pk": 241, "fields": {"action_time": "2025-05-15T07:02:54.212Z", "user": 1, "content_type": 15, "object_id": "25", "object_repr": "Image for Toilet Brush V3 - Variant: Toilet Brush V3 - Color: Grey", "action_flag": 2, "change_message": "[{\"changed\": {\"fields\": [\"Variant\"]}}]"}}, {"model": "admin.logentry", "pk": 242, "fields": {"action_time": "2025-05-15T07:03:17.262Z", "user": 1, "content_type": 15, "object_id": "24", "object_repr": "Image for Toilet Brush V3 - Variant: Toilet Brush V3 - Color: Black", "action_flag": 2, "change_message": "[{\"changed\": {\"fields\": [\"Variant\"]}}]"}}, {"model": "admin.logentry", "pk": 243, "fields": {"action_time": "2025-05-15T07:03:53.428Z", "user": 1, "content_type": 15, "object_id": "23", "object_repr": "Image for Toilet Brush V3 - Variant: Toilet Brush V3 - Color: Grey", "action_flag": 2, "change_message": "[{\"changed\": {\"fields\": [\"Variant\"]}}]"}}, {"model": "admin.logentry", "pk": 244, "fields": {"action_time": "2025-05-15T07:04:09.045Z", "user": 1, "content_type": 15, "object_id": "22", "object_repr": "Image for Toilet Brush V3 - Variant: Toilet Brush V3 - Color: Black", "action_flag": 2, "change_message": "[{\"changed\": {\"fields\": [\"Variant\"]}}]"}}, {"model": "admin.logentry", "pk": 245, "fields": {"action_time": "2025-05-15T07:08:34.224Z", "user": 1, "content_type": 15, "object_id": "71", "object_repr": "Image for Toilet Brush V3 - Variant: Toilet Brush V3 - Color: Lavender 32 pc", "action_flag": 1, "change_message": "[{\"added\": {}}]"}}, {"model": "admin.logentry", "pk": 246, "fields": {"action_time": "2025-05-15T07:08:49.747Z", "user": 1, "content_type": 15, "object_id": "71", "object_repr": "Image for Toilet Brush V3 - Variant: Toilet Brush V3 - Color: Lavender 32 pc", "action_flag": 2, "change_message": "[{\"changed\": {\"fields\": [\"Product\"]}}]"}}, {"model": "admin.logentry", "pk": 247, "fields": {"action_time": "2025-05-15T07:09:22.046Z", "user": 1, "content_type": 15, "object_id": "72", "object_repr": "Image for Toilet Brush V3 - Variant: Toilet Brush V3 - Color: Ocean 32 pc", "action_flag": 1, "change_message": "[{\"added\": {}}]"}}, {"model": "admin.logentry", "pk": 248, "fields": {"action_time": "2025-05-15T07:10:47.182Z", "user": 1, "content_type": 11, "object_id": "11", "object_repr": "Toilet Brush V3", "action_flag": 2, "change_message": "[{\"changed\": {\"fields\": [\"Price\"]}}]"}}, {"model": "admin.logentry", "pk": 249, "fields": {"action_time": "2025-05-15T07:12:33.132Z", "user": 1, "content_type": 14, "object_id": "43", "object_repr": "Broom Holder V2 - Color: Blue", "action_flag": 1, "change_message": "[{\"added\": {}}]"}}, {"model": "admin.logentry", "pk": 250, "fields": {"action_time": "2025-05-15T07:14:47.419Z", "user": 1, "content_type": 14, "object_id": "44", "object_repr": "Broom Holder V2 - Color: White", "action_flag": 1, "change_message": "[{\"added\": {}}]"}}, {"model": "admin.logentry", "pk": 251, "fields": {"action_time": "2025-05-15T07:16:06.769Z", "user": 1, "content_type": 14, "object_id": "45", "object_repr": "Broom Holder V2 - Color: Green", "action_flag": 1, "change_message": "[{\"added\": {}}]"}}, {"model": "admin.logentry", "pk": 252, "fields": {"action_time": "2025-05-15T07:17:22.234Z", "user": 1, "content_type": 15, "object_id": "60", "object_repr": "Image for Broom Holder V2 - Variant: Broom Holder V2 - Color: Blue", "action_flag": 2, "change_message": "[{\"changed\": {\"fields\": [\"Variant\"]}}]"}}, {"model": "admin.logentry", "pk": 253, "fields": {"action_time": "2025-05-15T07:18:55.751Z", "user": 1, "content_type": 15, "object_id": "61", "object_repr": "Image for Broom Holder V2 - Variant: Broom Holder V2 - Color: White", "action_flag": 2, "change_message": "[{\"changed\": {\"fields\": [\"Variant\", \"Image\"]}}]"}}, {"model": "admin.logentry", "pk": 254, "fields": {"action_time": "2025-05-15T07:19:15.985Z", "user": 1, "content_type": 15, "object_id": "63", "object_repr": "Image for Broom Holder V2 - Variant: Broom Holder V2 - Color: Green", "action_flag": 2, "change_message": "[{\"changed\": {\"fields\": [\"Variant\", \"Image\"]}}]"}}, {"model": "admin.logentry", "pk": 255, "fields": {"action_time": "2025-05-15T07:19:29.685Z", "user": 1, "content_type": 15, "object_id": "62", "object_repr": "Image for Broom Holder V2 - Variant: Broom Holder V2 - Color: Blue", "action_flag": 2, "change_message": "[{\"changed\": {\"fields\": [\"Variant\"]}}]"}}, {"model": "admin.logentry", "pk": 256, "fields": {"action_time": "2025-05-15T07:19:57.333Z", "user": 1, "content_type": 15, "object_id": "27", "object_repr": "Image for Shelf", "action_flag": 3, "change_message": ""}}, {"model": "admin.logentry", "pk": 257, "fields": {"action_time": "2025-05-15T07:20:48.985Z", "user": 1, "content_type": 11, "object_id": "20", "object_repr": "Broom Holder V2", "action_flag": 2, "change_message": "[{\"changed\": {\"fields\": [\"Price\"]}}]"}}, {"model": "admin.logentry", "pk": 258, "fields": {"action_time": "2025-05-15T07:34:52.226Z", "user": 1, "content_type": 11, "object_id": "9", "object_repr": "Kitchen Storage Rack", "action_flag": 2, "change_message": "[{\"changed\": {\"fields\": [\"Price\"]}}]"}}, {"model": "admin.logentry", "pk": 259, "fields": {"action_time": "2025-05-15T07:35:58.078Z", "user": 1, "content_type": 11, "object_id": "19", "object_repr": "Hair Dryer Station", "action_flag": 2, "change_message": "[{\"changed\": {\"fields\": [\"Price\"]}}]"}}, {"model": "admin.logentry", "pk": 260, "fields": {"action_time": "2025-05-15T07:36:37.527Z", "user": 1, "content_type": 11, "object_id": "17", "object_repr": "Rack Organizer", "action_flag": 2, "change_message": "[{\"changed\": {\"fields\": [\"Price\"]}}]"}}, {"model": "admin.logentry", "pk": 261, "fields": {"action_time": "2025-05-15T07:37:17.647Z", "user": 1, "content_type": 11, "object_id": "16", "object_repr": "Kitchen Drying Station", "action_flag": 2, "change_message": "[{\"changed\": {\"fields\": [\"Price\"]}}]"}}, {"model": "admin.logentry", "pk": 262, "fields": {"action_time": "2025-05-15T07:38:11.860Z", "user": 1, "content_type": 11, "object_id": "14", "object_repr": "Corner Shelf", "action_flag": 2, "change_message": "[]"}}, {"model": "admin.logentry", "pk": 263, "fields": {"action_time": "2025-05-15T07:38:50.643Z", "user": 1, "content_type": 11, "object_id": "13", "object_repr": "Double Cup Storage V2", "action_flag": 2, "change_message": "[]"}}, {"model": "admin.logentry", "pk": 264, "fields": {"action_time": "2025-05-15T07:39:12.912Z", "user": 1, "content_type": 11, "object_id": "12", "object_repr": "Shelf", "action_flag": 2, "change_message": "[{\"changed\": {\"fields\": [\"Price\"]}}]"}}, {"model": "admin.logentry", "pk": 265, "fields": {"action_time": "2025-05-15T07:39:18.810Z", "user": 1, "content_type": 11, "object_id": "11", "object_repr": "Toilet Brush V3", "action_flag": 2, "change_message": "[]"}}, {"model": "admin.logentry", "pk": 266, "fields": {"action_time": "2025-05-15T07:39:52.660Z", "user": 1, "content_type": 11, "object_id": "10", "object_repr": "Compact Home Bin", "action_flag": 2, "change_message": "[]"}}, {"model": "admin.logentry", "pk": 267, "fields": {"action_time": "2025-05-15T07:40:13.460Z", "user": 1, "content_type": 11, "object_id": "9", "object_repr": "Kitchen Storage Rack", "action_flag": 2, "change_message": "[]"}}, {"model": "admin.logentry", "pk": 268, "fields": {"action_time": "2025-05-15T07:40:22.964Z", "user": 1, "content_type": 11, "object_id": "8", "object_repr": "Spice Rack", "action_flag": 2, "change_message": "[]"}}, {"model": "admin.logentry", "pk": 269, "fields": {"action_time": "2025-05-15T07:40:58.077Z", "user": 1, "content_type": 11, "object_id": "6", "object_repr": "Automatic Toothpaste Dispenser", "action_flag": 2, "change_message": "[{\"changed\": {\"fields\": [\"Price\"]}}]"}}, {"model": "admin.logentry", "pk": 270, "fields": {"action_time": "2025-05-15T07:42:27.077Z", "user": 1, "content_type": 11, "object_id": "8", "object_repr": "Spice Rack", "action_flag": 2, "change_message": "[]"}}, {"model": "admin.logentry", "pk": 271, "fields": {"action_time": "2025-05-15T11:05:42.654Z", "user": 1, "content_type": 15, "object_id": "10", "object_repr": "Image for Spice Rack - Variant: Spice Rack - Color: Triple Cup Black", "action_flag": 2, "change_message": "[{\"changed\": {\"fields\": [\"Is default\"]}}]"}}, {"model": "admin.logentry", "pk": 272, "fields": {"action_time": "2025-05-15T11:06:40.583Z", "user": 1, "content_type": 15, "object_id": "14", "object_repr": "Image for Kitchen Storage Rack - Variant: Kitchen Storage Rack - Color: Black L", "action_flag": 2, "change_message": "[{\"changed\": {\"fields\": [\"Image\"]}}]"}}, {"model": "admin.logentry", "pk": 273, "fields": {"action_time": "2025-05-15T11:07:02.399Z", "user": 1, "content_type": 15, "object_id": "14", "object_repr": "Image for Kitchen Storage Rack - Variant: Kitchen Storage Rack - Color: Black L", "action_flag": 2, "change_message": "[{\"changed\": {\"fields\": [\"Is default\"]}}]"}}, {"model": "admin.logentry", "pk": 274, "fields": {"action_time": "2025-05-15T11:07:32.949Z", "user": 1, "content_type": 15, "object_id": "18", "object_repr": "Image for Compact Home Bin - Variant: Compact Home Bin - Color: Black", "action_flag": 2, "change_message": "[{\"changed\": {\"fields\": [\"Is default\"]}}]"}}, {"model": "admin.logentry", "pk": 275, "fields": {"action_time": "2025-05-15T11:07:59.883Z", "user": 1, "content_type": 15, "object_id": "22", "object_repr": "Image for Toilet Brush V3 - Variant: Toilet Brush V3 - Color: Black", "action_flag": 2, "change_message": "[{\"changed\": {\"fields\": [\"Is default\"]}}]"}}, {"model": "admin.logentry", "pk": 276, "fields": {"action_time": "2025-05-15T11:09:23.484Z", "user": 1, "content_type": 15, "object_id": "28", "object_repr": "Image for Shelf - Variant: Shelf - Color: Black + Bar", "action_flag": 2, "change_message": "[{\"changed\": {\"fields\": [\"Is default\"]}}]"}}, {"model": "admin.logentry", "pk": 277, "fields": {"action_time": "2025-05-15T11:10:12.550Z", "user": 1, "content_type": 15, "object_id": "33", "object_repr": "Image for Double Cup Storage V2 - Variant: Double Cup Storage V2 - Color: Grey", "action_flag": 2, "change_message": "[{\"changed\": {\"fields\": [\"Is default\"]}}]"}}, {"model": "admin.logentry", "pk": 278, "fields": {"action_time": "2025-05-15T11:11:34.379Z", "user": 1, "content_type": 15, "object_id": "14", "object_repr": "Image for Kitchen Storage Rack - Variant: Kitchen Storage Rack - Color: Black L", "action_flag": 2, "change_message": "[{\"changed\": {\"fields\": [\"Image\", \"Is default\"]}}]"}}, {"model": "admin.logentry", "pk": 279, "fields": {"action_time": "2025-05-15T11:12:05.052Z", "user": 1, "content_type": 15, "object_id": "15", "object_repr": "Image for Kitchen Storage Rack - Variant: Kitchen Storage Rack - Color: Black L", "action_flag": 2, "change_message": "[{\"changed\": {\"fields\": [\"Is default\"]}}]"}}, {"model": "admin.logentry", "pk": 280, "fields": {"action_time": "2025-05-15T11:12:27.918Z", "user": 1, "content_type": 15, "object_id": "36", "object_repr": "Image for Corner Shelf - Variant: Corner Shelf - Color: Black", "action_flag": 2, "change_message": "[{\"changed\": {\"fields\": [\"Is default\"]}}]"}}, {"model": "admin.logentry", "pk": 281, "fields": {"action_time": "2025-05-15T11:12:45.769Z", "user": 1, "content_type": 15, "object_id": "42", "object_repr": "Image for Food Chopper - Variant: Food Chopper - Color: 1000ml Black", "action_flag": 2, "change_message": "[{\"changed\": {\"fields\": [\"Is default\"]}}]"}}, {"model": "admin.logentry", "pk": 282, "fields": {"action_time": "2025-05-15T11:14:02.403Z", "user": 1, "content_type": 15, "object_id": "44", "object_repr": "Image for Kitchen Drying Station - Variant: Kitchen Drying Station - Color: Black", "action_flag": 2, "change_message": "[{\"changed\": {\"fields\": [\"Is default\"]}}]"}}, {"model": "admin.logentry", "pk": 283, "fields": {"action_time": "2025-05-15T11:15:21.036Z", "user": 1, "content_type": 15, "object_id": "46", "object_repr": "Image for Rack Organizer - Variant: Rack Organizer - Color: Black L", "action_flag": 2, "change_message": "[{\"changed\": {\"fields\": [\"Is default\"]}}]"}}, {"model": "admin.logentry", "pk": 284, "fields": {"action_time": "2025-05-15T11:16:48.988Z", "user": 1, "content_type": 15, "object_id": "50", "object_repr": "Image for Toilet Brush V1 - Variant: Toilet Brush V1 - Color: Grey", "action_flag": 2, "change_message": "[{\"changed\": {\"fields\": [\"Is default\"]}}]"}}, {"model": "admin.logentry", "pk": 285, "fields": {"action_time": "2025-05-15T11:17:18.937Z", "user": 1, "content_type": 15, "object_id": "53", "object_repr": "Image for Hair Dryer Station - Variant: Hair Dryer Station - Color: Black L", "action_flag": 2, "change_message": "[{\"changed\": {\"fields\": [\"Is default\"]}}]"}}, {"model": "admin.logentry", "pk": 286, "fields": {"action_time": "2025-05-15T11:18:01.386Z", "user": 1, "content_type": 15, "object_id": "59", "object_repr": "Image for Automatic Toothpaste Dispenser - Variant: Automatic Toothpaste Dispenser - Color: Sleek Black", "action_flag": 2, "change_message": "[{\"changed\": {\"fields\": [\"Is default\"]}}]"}}, {"model": "admin.logentry", "pk": 287, "fields": {"action_time": "2025-05-15T11:19:07.304Z", "user": 1, "content_type": 15, "object_id": "73", "object_repr": "Image for Broom Holder V2 - Variant: Broom Holder V2 - Color: Blue", "action_flag": 1, "change_message": "[{\"added\": {}}]"}}, {"model": "admin.logentry", "pk": 288, "fields": {"action_time": "2025-05-15T11:19:18.088Z", "user": 1, "content_type": 15, "object_id": "73", "object_repr": "Image for Broom Holder V2 - Variant: Broom Holder V2 - Color: Blue", "action_flag": 2, "change_message": "[{\"changed\": {\"fields\": [\"Is default\"]}}]"}}, {"model": "admin.logentry", "pk": 289, "fields": {"action_time": "2025-05-18T12:11:02.085Z", "user": 1, "content_type": 16, "object_id": "1", "object_repr": "Cart object (1)", "action_flag": 3, "change_message": ""}}, {"model": "admin.logentry", "pk": 290, "fields": {"action_time": "2025-05-19T07:02:09.642Z", "user": 1, "content_type": 11, "object_id": "21", "object_repr": "Rice Storage", "action_flag": 1, "change_message": "[{\"added\": {}}]"}}, {"model": "admin.logentry", "pk": 291, "fields": {"action_time": "2025-05-19T07:03:23.994Z", "user": 1, "content_type": 14, "object_id": "46", "object_repr": "Rice Storage - Color: Black 10kg", "action_flag": 1, "change_message": "[{\"added\": {}}]"}}, {"model": "admin.logentry", "pk": 292, "fields": {"action_time": "2025-05-19T07:04:14.891Z", "user": 1, "content_type": 14, "object_id": "47", "object_repr": "Rice Storage - Color: Grey 10kg", "action_flag": 1, "change_message": "[{\"added\": {}}]"}}, {"model": "admin.logentry", "pk": 293, "fields": {"action_time": "2025-05-19T07:05:06.309Z", "user": 1, "content_type": 14, "object_id": "48", "object_repr": "Rice Storage - Color: Black 5kg", "action_flag": 1, "change_message": "[{\"added\": {}}]"}}, {"model": "admin.logentry", "pk": 294, "fields": {"action_time": "2025-05-19T07:06:03.425Z", "user": 1, "content_type": 14, "object_id": "49", "object_repr": "Rice Storage - Color: Grey 5kg", "action_flag": 1, "change_message": "[{\"added\": {}}]"}}, {"model": "admin.logentry", "pk": 295, "fields": {"action_time": "2025-05-19T07:06:09.712Z", "user": 1, "content_type": 14, "object_id": "50", "object_repr": "Rice Storage - Color: Grey 5kg", "action_flag": 1, "change_message": "[{\"added\": {}}]"}}, {"model": "admin.logentry", "pk": 296, "fields": {"action_time": "2025-05-19T07:07:22.129Z", "user": 1, "content_type": 15, "object_id": "74", "object_repr": "Image for Rice Storage - Variant: Rice Storage - Color: Black 10kg", "action_flag": 1, "change_message": "[{\"added\": {}}]"}}, {"model": "admin.logentry", "pk": 297, "fields": {"action_time": "2025-05-19T07:08:14.228Z", "user": 1, "content_type": 15, "object_id": "75", "object_repr": "Image for Rice Storage - Variant: Rice Storage - Color: Grey 10kg", "action_flag": 1, "change_message": "[{\"added\": {}}]"}}, {"model": "admin.logentry", "pk": 298, "fields": {"action_time": "2025-05-19T07:08:48.120Z", "user": 1, "content_type": 15, "object_id": "76", "object_repr": "Image for Rice Storage - Variant: Rice Storage - Color: Black 5kg", "action_flag": 1, "change_message": "[{\"added\": {}}]"}}, {"model": "admin.logentry", "pk": 299, "fields": {"action_time": "2025-05-19T07:09:12.895Z", "user": 1, "content_type": 15, "object_id": "77", "object_repr": "Image for Rice Storage - Variant: Rice Storage - Color: Grey 5kg", "action_flag": 1, "change_message": "[{\"added\": {}}]"}}, {"model": "admin.logentry", "pk": 300, "fields": {"action_time": "2025-05-19T07:09:50.834Z", "user": 1, "content_type": 14, "object_id": "50", "object_repr": "Rice Storage - Color: Grey 5kg", "action_flag": 3, "change_message": ""}}, {"model": "admin.logentry", "pk": 301, "fields": {"action_time": "2025-05-19T07:14:53.532Z", "user": 1, "content_type": 11, "object_id": "22", "object_repr": "Smart Water Dispenser", "action_flag": 1, "change_message": "[{\"added\": {}}]"}}, {"model": "admin.logentry", "pk": 302, "fields": {"action_time": "2025-05-19T07:16:04.045Z", "user": 1, "content_type": 14, "object_id": "51", "object_repr": "Smart Water Dispenser - Color: White", "action_flag": 1, "change_message": "[{\"added\": {}}]"}}, {"model": "admin.logentry", "pk": 303, "fields": {"action_time": "2025-05-19T07:16:37.801Z", "user": 1, "content_type": 15, "object_id": "78", "object_repr": "Image for Smart Water Dispenser - Variant: Smart Water Dispenser - Color: White", "action_flag": 1, "change_message": "[{\"added\": {}}]"}}, {"model": "admin.logentry", "pk": 304, "fields": {"action_time": "2025-05-19T07:16:55.861Z", "user": 1, "content_type": 15, "object_id": "79", "object_repr": "Image for Smart Water Dispenser - Variant: Smart Water Dispenser - Color: White", "action_flag": 1, "change_message": "[{\"added\": {}}]"}}, {"model": "admin.logentry", "pk": 305, "fields": {"action_time": "2025-05-19T11:27:53.430Z", "user": 1, "content_type": 16, "object_id": "2", "object_repr": "Cart object (2)", "action_flag": 3, "change_message": ""}}, {"model": "admin.logentry", "pk": 306, "fields": {"action_time": "2025-05-19T11:55:39.241Z", "user": 1, "content_type": 16, "object_id": "3", "object_repr": "Cart object (3)", "action_flag": 3, "change_message": ""}}, {"model": "sessions.session", "pk": "625zlzx1r04cw830t9iq257tmovl21fx", "fields": {"session_data": ".eJxVjEEOwiAQRe_C2hCghQ4u3XsGMgODVA0kpV0Z765NutDtf-_9lwi4rSVsnZcwJ3EWWpx-N8L44LqDdMd6azK2ui4zyV2RB-3y2hI_L4f7d1Cwl2_ttAfGbD1GVDA4NRrMYHV2gwEwoMBko3gim3gk5XyMRhHghOgTE4v3B9BwOAM:1uGuLo:YmuSwnZ8eLcj1K4y1ijqABlcBLJBdXACTCvQ_jqCb6A", "expire_date": "2025-06-02T06:51:52.723Z"}}, {"model": "sessions.session", "pk": "8l1x15ahybr9fryrti7fd0r0l7l9mm2o", "fields": {"session_data": ".eJxVjEEOwiAQRe_C2hCghQ4u3XsGMgODVA0kpV0Z765NutDtf-_9lwi4rSVsnZcwJ3EWWpx-N8L44LqDdMd6azK2ui4zyV2RB-3y2hI_L4f7d1Cwl2_ttAfGbD1GVDA4NRrMYHV2gwEwoMBko3gim3gk5XyMRhHghOgTE4v3B9BwOAM:1uCxfH:GkQbrUYscMP-M_08Hy9clhcCV2AawK_OK85qBWFGQB8", "expire_date": "2025-05-22T09:35:39.965Z"}}, {"model": "sessions.session", "pk": "mabgayk74tfql86u3skdk1sd3u981c69", "fields": {"session_data": ".eJxVjEEOwiAQRe_C2hCghQ4u3XsGMgODVA0kpV0Z765NutDtf-_9lwi4rSVsnZcwJ3EWWpx-N8L44LqDdMd6azK2ui4zyV2RB-3y2hI_L4f7d1Cwl2_ttAfGbD1GVDA4NRrMYHV2gwEwoMBko3gim3gk5XyMRhHghOgTE4v3B9BwOAM:1uGG6o:5apUGb9fg2mDSSV60EoSoJ-s8VSgJHyujSISzVCncJY", "expire_date": "2025-05-31T11:53:42.263Z"}}, {"model": "sessions.session", "pk": "mxx170ci05xbt5jinxfy5wny7d5gc7kf", "fields": {"session_data": ".eJxVjEEOwiAQRe_C2hCghQ4u3XsGMgODVA0kpV0Z765NutDtf-_9lwi4rSVsnZcwJ3EWWpx-N8L44LqDdMd6azK2ui4zyV2RB-3y2hI_L4f7d1Cwl2_ttAfGbD1GVDA4NRrMYHV2gwEwoMBko3gim3gk5XyMRhHghOgTE4v3B9BwOAM:1uCAdu:NSS_4oFwgEcOfiIXYfMdzKHWnAzEhvRZdXp79_rOqNI", "expire_date": "2025-05-20T05:14:58.179Z"}}, {"model": "sessions.session", "pk": "qa0c23b0jem3bojmnwbvjclva8o2zmmx", "fields": {"session_data": ".eJxVjEEOwiAQRe_C2hCghQ4u3XsGMgODVA0kpV0Z765NutDtf-_9lwi4rSVsnZcwJ3EWWpx-N8L44LqDdMd6azK2ui4zyV2RB-3y2hI_L4f7d1Cwl2_ttAfGbD1GVDA4NRrMYHV2gwEwoMBko3gim3gk5XyMRhHghOgTE4v3B9BwOAM:1uBUk1:6-1Y3K0s3YYgNASi1VXZzP1oviMAVuB_Agr2jcNC-_0", "expire_date": "2025-05-18T08:30:29.318Z"}}, {"model": "token_blacklist.outstandingtoken", "pk": 1, "fields": {"user": null, "jti": "c04995411db94dd89b1b4c72fdafc42d", "token": "eyJhbGciOiJIUzI1NiIsInR5cCI6IkpXVCJ9.eyJ0b2tlbl90eXBlIjoicmVmcmVzaCIsImV4cCI6MTc0NjQzMzg2MSwiaWF0IjoxNzQ2MzQ3NDYxLCJqdGkiOiJjMDQ5OTU0MTFkYjk0ZGQ4OWIxYjRjNzJmZGFmYzQyZCIsInVzZXJfaWQiOjJ9._81IXpErUn1-PIyJXNl8GjqzHcV3e05nzYMP-z3_F0k", "created_at": "2025-05-04T08:31:01.383Z", "expires_at": "2025-05-05T08:31:01Z"}}, {"model": "token_blacklist.outstandingtoken", "pk": 2, "fields": {"user": null, "jti": "98025bdc038e4db0b781b1a28f91b6da", "token": "eyJhbGciOiJIUzI1NiIsInR5cCI6IkpXVCJ9.eyJ0b2tlbl90eXBlIjoicmVmcmVzaCIsImV4cCI6MTc0NjQzMzk1NSwiaWF0IjoxNzQ2MzQ3NTU1LCJqdGkiOiI5ODAyNWJkYzAzOGU0ZGIwYjc4MWIxYTI4ZjkxYjZkYSIsInVzZXJfaWQiOjN9.KsAPwPnvGxNzp3tKKcO1mQRlio2G26f1y0UIizwpcs0", "created_at": "2025-05-04T08:32:35.184Z", "expires_at": "2025-05-05T08:32:35Z"}}, {"model": "token_blacklist.outstandingtoken", "pk": 3, "fields": {"user": null, "jti": "91c16b1b57534cfeae25ed8367893dcf", "token": "eyJhbGciOiJIUzI1NiIsInR5cCI6IkpXVCJ9.eyJ0b2tlbl90eXBlIjoicmVmcmVzaCIsImV4cCI6MTc0NjQzNDYwNywiaWF0IjoxNzQ2MzQ4MjA3LCJqdGkiOiI5MWMxNmIxYjU3NTM0Y2ZlYWUyNWVkODM2Nzg5M2RjZiIsInVzZXJfaWQiOjR9.-mzG-nFV6gZu7TDyS7-wXc-j7CrasGfekyC034117rY", "created_at": "2025-05-04T08:43:27.054Z", "expires_at": "2025-05-05T08:43:27Z"}}, {"model": "token_blacklist.outstandingtoken", "pk": 4, "fields": {"user": null, "jti": "2578a7e1cb9942fdaff469b2e2d189dd", "token": "eyJhbGciOiJIUzI1NiIsInR5cCI6IkpXVCJ9.eyJ0b2tlbl90eXBlIjoicmVmcmVzaCIsImV4cCI6MTc0NjQzNDk0NCwiaWF0IjoxNzQ2MzQ4NTQ0LCJqdGkiOiIyNTc4YTdlMWNiOTk0MmZkYWZmNDY5YjJlMmQxODlkZCIsInVzZXJfaWQiOjV9.LGmu_-8eXskY2gPPBL3jGFP0aOaGFh8QgDIX2UzVouk", "created_at": "2025-05-04T08:49:04.889Z", "expires_at": "2025-05-05T08:49:04Z"}}, {"model": "token_blacklist.outstandingtoken", "pk": 5, "fields": {"user": null, "jti": "daff3a50d4d74e39bca4373fd42eef79", "token": "eyJhbGciOiJIUzI1NiIsInR5cCI6IkpXVCJ9.eyJ0b2tlbl90eXBlIjoicmVmcmVzaCIsImV4cCI6MTc0NjQzNTE3OCwiaWF0IjoxNzQ2MzQ4Nzc4LCJqdGkiOiJkYWZmM2E1MGQ0ZDc0ZTM5YmNhNDM3M2ZkNDJlZWY3OSIsInVzZXJfaWQiOjZ9.llxAh7yBISz4DoYtr3ygLM0PGro9bWaM6oWUeDLwCo4", "created_at": "2025-05-04T08:52:58.521Z", "expires_at": "2025-05-05T08:52:58Z"}}, {"model": "token_blacklist.outstandingtoken", "pk": 6, "fields": {"user": null, "jti": "c2f9aba506c24250b9342a79ddb53f7c", "token": "eyJhbGciOiJIUzI1NiIsInR5cCI6IkpXVCJ9.eyJ0b2tlbl90eXBlIjoicmVmcmVzaCIsImV4cCI6MTc0NjQzNTM0OCwiaWF0IjoxNzQ2MzQ4OTQ4LCJqdGkiOiJjMmY5YWJhNTA2YzI0MjUwYjkzNDJhNzlkZGI1M2Y3YyIsInVzZXJfaWQiOjd9.OfM1PYuy3jWtLDI5KLhVMt6MMFg4wYhse2l-VuCbhnM", "created_at": "2025-05-04T08:55:48.466Z", "expires_at": "2025-05-05T08:55:48Z"}}, {"model": "token_blacklist.outstandingtoken", "pk": 7, "fields": {"user": null, "jti": "364839f66cae4a568d58d8d3be60a27f", "token": "eyJhbGciOiJIUzI1NiIsInR5cCI6IkpXVCJ9.eyJ0b2tlbl90eXBlIjoicmVmcmVzaCIsImV4cCI6MTc0NjQzNTcwOCwiaWF0IjoxNzQ2MzQ5MzA4LCJqdGkiOiIzNjQ4MzlmNjZjYWU0YTU2OGQ1OGQ4ZDNiZTYwYTI3ZiIsInVzZXJfaWQiOjh9.NoFspYyh332L-MQ9M2wLr9qMf85cJvxIq1jlR5TCNEU", "created_at": "2025-05-04T09:01:48.461Z", "expires_at": "2025-05-05T09:01:48Z"}}, {"model": "token_blacklist.outstandingtoken", "pk": 8, "fields": {"user": null, "jti": "0f663be59ea947be92eaacff0fed3610", "token": "eyJhbGciOiJIUzI1NiIsInR5cCI6IkpXVCJ9.eyJ0b2tlbl90eXBlIjoicmVmcmVzaCIsImV4cCI6MTc0NjUxMDUzMSwiaWF0IjoxNzQ2NDI0MTMxLCJqdGkiOiIwZjY2M2JlNTllYTk0N2JlOTJlYWFjZmYwZmVkMzYxMCIsInVzZXJfaWQiOjh9.Ss2_iCDEV0CNmiBAB38mf2tsIXEMIigCeYB7QZpSxH8", "created_at": "2025-05-05T05:48:51.131Z", "expires_at": "2025-05-06T05:48:51Z"}}, {"model": "token_blacklist.outstandingtoken", "pk": 9, "fields": {"user": null, "jti": "d873ae692d8a454581118d6772dcc47e", "token": "eyJhbGciOiJIUzI1NiIsInR5cCI6IkpXVCJ9.eyJ0b2tlbl90eXBlIjoicmVmcmVzaCIsImV4cCI6MTc0NjU5NTA4NywiaWF0IjoxNzQ2NTA4Njg3LCJqdGkiOiJkODczYWU2OTJkOGE0NTQ1ODExMThkNjc3MmRjYzQ3ZSIsInVzZXJfaWQiOjh9.vp2caAjEkhzTLkRw3Sx2RLoMQe76TsO1eyWhL6_4TsU", "created_at": "2025-05-06T05:18:07.515Z", "expires_at": "2025-05-07T05:18:07Z"}}, {"model": "token_blacklist.outstandingtoken", "pk": 10, "fields": {"user": null, "jti": "a1cf99e39eaf43bda37340f28901c12f", "token": "eyJhbGciOiJIUzI1NiIsInR5cCI6IkpXVCJ9.eyJ0b2tlbl90eXBlIjoicmVmcmVzaCIsImV4cCI6MTc0Njc4MzI0OSwiaWF0IjoxNzQ2Njk2ODQ5LCJqdGkiOiJhMWNmOTllMzllYWY0M2JkYTM3MzQwZjI4OTAxYzEyZiIsInVzZXJfaWQiOjl9.C0gJf0gBt33HSmaLDv6NA9Xlq3v-TTwpcwemWfAxLSE", "created_at": "2025-05-08T09:34:09.676Z", "expires_at": "2025-05-09T09:34:09Z"}}, {"model": "token_blacklist.outstandingtoken", "pk": 11, "fields": {"user": null, "jti": "52c526c046894736a88030c8b56b1bd0", "token": "eyJhbGciOiJIUzI1NiIsInR5cCI6IkpXVCJ9.eyJ0b2tlbl90eXBlIjoicmVmcmVzaCIsImV4cCI6MTc0Njc4NDIzOCwiaWF0IjoxNzQ2Njk3ODM4LCJqdGkiOiI1MmM1MjZjMDQ2ODk0NzM2YTg4MDMwYzhiNTZiMWJkMCIsInVzZXJfaWQiOjEwfQ.Os-3AHBbJ30WIHIzQPP3C6qJGa444ihYOZHJoNGufy8", "created_at": "2025-05-08T09:50:38.710Z", "expires_at": "2025-05-09T09:50:38Z"}}, {"model": "token_blacklist.outstandingtoken", "pk": 12, "fields": {"user": 11, "jti": "ded79fd881c3458e905dd5303c44acf3", "token": "eyJhbGciOiJIUzI1NiIsInR5cCI6IkpXVCJ9.eyJ0b2tlbl90eXBlIjoicmVmcmVzaCIsImV4cCI6MTc0Njk0MzY1MCwiaWF0IjoxNzQ2ODU3MjUwLCJqdGkiOiJkZWQ3OWZkODgxYzM0NThlOTA1ZGQ1MzAzYzQ0YWNmMyIsInVzZXJfaWQiOjExfQ.MEm0PvOiJ4W7WMXhOnjc-fUrb17z-veU6rJd-tXDsZI", "created_at": "2025-05-10T06:07:30.953Z", "expires_at": "2025-05-11T06:07:30Z"}}, {"model": "token_blacklist.outstandingtoken", "pk": 13, "fields": {"user": 11, "jti": "05a971897fec4d92af59eef4b41f30b6", "token": "eyJhbGciOiJIUzI1NiIsInR5cCI6IkpXVCJ9.eyJ0b2tlbl90eXBlIjoicmVmcmVzaCIsImV4cCI6MTc0NzEyMDI5MywiaWF0IjoxNzQ3MDMzODkzLCJqdGkiOiIwNWE5NzE4OTdmZWM0ZDkyYWY1OWVlZjRiNDFmMzBiNiIsInVzZXJfaWQiOjExfQ.o9xKKNp9MDka_CFOD_5dfNiIauCShGp-I3TTYpRcvYY", "created_at": "2025-05-12T07:11:33.140Z", "expires_at": "2025-05-13T07:11:33Z"}}, {"model": "token_blacklist.outstandingtoken", "pk": 14, "fields": {"user": 11, "jti": "7ea66ac56fb74a10b9e62d6b48826938", "token": "eyJhbGciOiJIUzI1NiIsInR5cCI6IkpXVCJ9.eyJ0b2tlbl90eXBlIjoicmVmcmVzaCIsImV4cCI6MTc0NzEzNjUyOSwiaWF0IjoxNzQ3MDUwMTI5LCJqdGkiOiI3ZWE2NmFjNTZmYjc0YTEwYjllNjJkNmI0ODgyNjkzOCIsInVzZXJfaWQiOjExfQ.paasCpXBsyMz0qo7phPQddh_44_G0ZU69-TQoRC5wFI", "created_at": "2025-05-12T11:42:09.990Z", "expires_at": "2025-05-13T11:42:09Z"}}, {"model": "token_blacklist.outstandingtoken", "pk": 15, "fields": {"user": 12, "jti": "f876aa8330304476b077df3702329c2e", "token": "eyJhbGciOiJIUzI1NiIsInR5cCI6IkpXVCJ9.eyJ0b2tlbl90eXBlIjoicmVmcmVzaCIsImV4cCI6MTc0NzE0MTQwNSwiaWF0IjoxNzQ3MDU1MDA1LCJqdGkiOiJmODc2YWE4MzMwMzA0NDc2YjA3N2RmMzcwMjMyOWMyZSIsInVzZXJfaWQiOjEyfQ.pwaLHa0rOZvHG2-Vkh5U6TQBSDFLrFkT18Nd68VNEao", "created_at": "2025-05-12T13:03:25.231Z", "expires_at": "2025-05-13T13:03:25Z"}}, {"model": "token_blacklist.outstandingtoken", "pk": 16, "fields": {"user": 12, "jti": "1015193d578340e494cd371e2e993b39", "token": "eyJhbGciOiJIUzI1NiIsInR5cCI6IkpXVCJ9.eyJ0b2tlbl90eXBlIjoicmVmcmVzaCIsImV4cCI6MTc0NzE0MTcyOCwiaWF0IjoxNzQ3MDU1MzI4LCJqdGkiOiIxMDE1MTkzZDU3ODM0MGU0OTRjZDM3MWUyZTk5M2IzOSIsInVzZXJfaWQiOjEyfQ.B1gH7meAIby6Wm__PUZP9iuRg_OYWtwNNgF9JzAaBWY", "created_at": "2025-05-12T13:08:48.275Z", "expires_at": "2025-05-13T13:08:48Z"}}, {"model": "token_blacklist.outstandingtoken", "pk": 17, "fields": {"user": 12, "jti": "92625559415d427d90bdfc6c9e427188", "token": "eyJhbGciOiJIUzI1NiIsInR5cCI6IkpXVCJ9.eyJ0b2tlbl90eXBlIjoicmVmcmVzaCIsImV4cCI6MTc0NzE0MzM1MCwiaWF0IjoxNzQ3MDU2OTUwLCJqdGkiOiI5MjYyNTU1OTQxNWQ0MjdkOTBiZGZjNmM5ZTQyNzE4OCIsInVzZXJfaWQiOjEyfQ.hevPORoDq1bnlTOTP5ynKAHOSQ0rODnSC2z31qyV5VI", "created_at": "2025-05-12T13:35:50.093Z", "expires_at": "2025-05-13T13:35:50Z"}}, {"model": "token_blacklist.outstandingtoken", "pk": 18, "fields": {"user": 12, "jti": "edaaa753f0b041f781cf99b80419e16e", "token": "eyJhbGciOiJIUzI1NiIsInR5cCI6IkpXVCJ9.eyJ0b2tlbl90eXBlIjoicmVmcmVzaCIsImV4cCI6MTc0NzIwMzEwMCwiaWF0IjoxNzQ3MTE2NzAwLCJqdGkiOiJlZGFhYTc1M2YwYjA0MWY3ODFjZjk5YjgwNDE5ZTE2ZSIsInVzZXJfaWQiOjEyfQ.S6AgjCDkb2cmN0t6z88UNoJTiGWH39Dl2XYWs3EGBl8", "created_at": "2025-05-13T06:11:40.270Z", "expires_at": "2025-05-14T06:11:40Z"}}, {"model": "token_blacklist.outstandingtoken", "pk": 19, "fields": {"user": null, "jti": "d48864e067a543acbb4dbd5b5350e129", "token": "eyJhbGciOiJIUzI1NiIsInR5cCI6IkpXVCJ9.eyJ0b2tlbl90eXBlIjoicmVmcmVzaCIsImV4cCI6MTc0NzIwODUwMCwiaWF0IjoxNzQ3MTIyMTAwLCJqdGkiOiJkNDg4NjRlMDY3YTU0M2FjYmI0ZGJkNWI1MzUwZTEyOSIsInVzZXJfaWQiOjEzfQ.aCmEIx3gLF4HHtpPceHcMpYgfsjM-uURq29hUwbV0GU", "created_at": "2025-05-13T07:41:40.695Z", "expires_at": "2025-05-14T07:41:40Z"}}, {"model": "token_blacklist.outstandingtoken", "pk": 20, "fields": {"user": 14, "jti": "e119342f554d4efdab747e89181adb77", "token": "eyJhbGciOiJIUzI1NiIsInR5cCI6IkpXVCJ9.eyJ0b2tlbl90eXBlIjoicmVmcmVzaCIsImV4cCI6MTc0NzIxMDUzNSwiaWF0IjoxNzQ3MTI0MTM1LCJqdGkiOiJlMTE5MzQyZjU1NGQ0ZWZkYWI3NDdlODkxODFhZGI3NyIsInVzZXJfaWQiOjE0fQ.TTKN1fP-7-u2pLXe1VdVWWnVQrOQFQwVnUwZLd6gobc", "created_at": "2025-05-13T08:15:35.615Z", "expires_at": "2025-05-14T08:15:35Z"}}, {"model": "token_blacklist.outstandingtoken", "pk": 21, "fields": {"user": 12, "jti": "0c585ecd325c4a5fa2e121874cab475c", "token": "eyJhbGciOiJIUzI1NiIsInR5cCI6IkpXVCJ9.eyJ0b2tlbl90eXBlIjoicmVmcmVzaCIsImV4cCI6MTc0NzIyMjQxOSwiaWF0IjoxNzQ3MTM2MDE5LCJqdGkiOiIwYzU4NWVjZDMyNWM0YTVmYTJlMTIxODc0Y2FiNDc1YyIsInVzZXJfaWQiOjEyfQ.i7CBfdptzaqAJyDul8pRo75wxjF9CoD1x4x9VZdwoKs", "created_at": "2025-05-13T11:33:39.331Z", "expires_at": "2025-05-14T11:33:39Z"}}, {"model": "token_blacklist.outstandingtoken", "pk": 22, "fields": {"user": 12, "jti": "d6ca75bf6bf141dcbb25410e8c4cf6b7", "token": "eyJhbGciOiJIUzI1NiIsInR5cCI6IkpXVCJ9.eyJ0b2tlbl90eXBlIjoicmVmcmVzaCIsImV4cCI6MTc0NzIyMzQ1OCwiaWF0IjoxNzQ3MTM3MDU4LCJqdGkiOiJkNmNhNzViZjZiZjE0MWRjYmIyNTQxMGU4YzRjZjZiNyIsInVzZXJfaWQiOjEyfQ.xnHImlzt7vpJKG7nc_tNZc9FHCb53dwvIbV_MLS5wOU", "created_at": "2025-05-13T11:50:58.799Z", "expires_at": "2025-05-14T11:50:58Z"}}, {"model": "token_blacklist.outstandingtoken", "pk": 23, "fields": {"user": 12, "jti": "9e2b98b9f909408bb1c7b87297a96d58", "token": "eyJhbGciOiJIUzI1NiIsInR5cCI6IkpXVCJ9.eyJ0b2tlbl90eXBlIjoicmVmcmVzaCIsImV4cCI6MTc0NzU2OTI2NywiaWF0IjoxNzQ3NDgyODY3LCJqdGkiOiI5ZTJiOThiOWY5MDk0MDhiYjFjN2I4NzI5N2E5NmQ1OCIsInVzZXJfaWQiOjEyfQ.FKpVd8OSdOvDyf0A3RI0baOj8LOxBRclYEsOJ7C-Ovo", "created_at": "2025-05-17T11:54:27.391Z", "expires_at": "2025-05-18T11:54:27Z"}}, {"model": "token_blacklist.outstandingtoken", "pk": 24, "fields": {"user": 12, "jti": "656a43ca4fd6407895f6c1725ee22311", "token": "eyJhbGciOiJIUzI1NiIsInR5cCI6IkpXVCJ9.eyJ0b2tlbl90eXBlIjoicmVmcmVzaCIsImV4cCI6MTc0NzY1NTU2NSwiaWF0IjoxNzQ3NTY5MTY1LCJqdGkiOiI2NTZhNDNjYTRmZDY0MDc4OTVmNmMxNzI1ZWUyMjMxMSIsInVzZXJfaWQiOjEyfQ.M8H2hAZ0omHxxKIw_jCzxSXj77ZkIC3Cg4I4k23hPLY", "created_at": "2025-05-18T11:52:45.675Z", "expires_at": "2025-05-19T11:52:45Z"}}, {"model": "token_blacklist.outstandingtoken", "pk": 25, "fields": {"user": 12, "jti": "f04c0921317e4b1fa83094e3637b0a08", "token": "eyJhbGciOiJIUzI1NiIsInR5cCI6IkpXVCJ9.eyJ0b2tlbl90eXBlIjoicmVmcmVzaCIsImV4cCI6MTc0NzY1NzQ0MCwiaWF0IjoxNzQ3NTcxMDQwLCJqdGkiOiJmMDRjMDkyMTMxN2U0YjFmYTgzMDk0ZTM2MzdiMGEwOCIsInVzZXJfaWQiOjEyfQ.E4P62voeT0da7oDwEU4-8U3c4lFda7FUBSAlHT6oTPQ", "created_at": "2025-05-18T12:24:00.311Z", "expires_at": "2025-05-19T12:24:00Z"}}, {"model": "token_blacklist.outstandingtoken", "pk": 26, "fields": {"user": 12, "jti": "ccc02979af214c38b72fb6dd12aea2eb", "token": "eyJhbGciOiJIUzI1NiIsInR5cCI6IkpXVCJ9.eyJ0b2tlbl90eXBlIjoicmVmcmVzaCIsImV4cCI6MTc0NzczMDY0OCwiaWF0IjoxNzQ3NjQ0MjQ4LCJqdGkiOiJjY2MwMjk3OWFmMjE0YzM4YjcyZmI2ZGQxMmFlYTJlYiIsInVzZXJfaWQiOjEyfQ.USTWzNY2UdlCIqW6OYyy0Pn40oOuPmklbSuh-XmDN_4", "created_at": "2025-05-19T08:44:08.518Z", "expires_at": "2025-05-20T08:44:08Z"}}, {"model": "token_blacklist.outstandingtoken", "pk": 27, "fields": {"user": 12, "jti": "f1105e449ee74dbf90b24c64c83d09cf", "token": "eyJhbGciOiJIUzI1NiIsInR5cCI6IkpXVCJ9.eyJ0b2tlbl90eXBlIjoicmVmcmVzaCIsImV4cCI6MTc0Nzc0MDI2MCwiaWF0IjoxNzQ3NjUzODYwLCJqdGkiOiJmMTEwNWU0NDllZTc0ZGJmOTBiMjRjNjRjODNkMDljZiIsInVzZXJfaWQiOjEyfQ.iK0Zq4lNkiUDp3GBXZNhazpl2Xsg9PRmx33upU1PnPw", "created_at": "2025-05-19T11:24:20.427Z", "expires_at": "2025-05-20T11:24:20Z"}}, {"model": "token_blacklist.outstandingtoken", "pk": 28, "fields": {"user": 12, "jti": "0e2f79a4ba9042eb90ca56c8767e31c6", "token": "eyJhbGciOiJIUzI1NiIsInR5cCI6IkpXVCJ9.eyJ0b2tlbl90eXBlIjoicmVmcmVzaCIsImV4cCI6MTc0Nzc0MjAxMSwiaWF0IjoxNzQ3NjU1NjExLCJqdGkiOiIwZTJmNzlhNGJhOTA0MmViOTBjYTU2Yzg3NjdlMzFjNiIsInVzZXJfaWQiOjEyfQ.R0sByLmmo_U0dLCXIjc7aoQV8epUJ0FP-FYtIUh1HzI", "created_at": "2025-05-19T11:53:31.156Z", "expires_at": "2025-05-20T11:53:31Z"}}, {"model": "token_blacklist.outstandingtoken", "pk": 29, "fields": {"user": 12, "jti": "253e47e4c34d408b938b90d6bbc94af7", "token": "eyJhbGciOiJIUzI1NiIsInR5cCI6IkpXVCJ9.eyJ0b2tlbl90eXBlIjoicmVmcmVzaCIsImV4cCI6MTc0Nzc0MjYwNiwiaWF0IjoxNzQ3NjU2MjA2LCJqdGkiOiIyNTNlNDdlNGMzNGQ0MDhiOTM4YjkwZDZiYmM5NGFmNyIsInVzZXJfaWQiOjEyfQ.dEcGtK3OgNP7N4TlCQWXeMcnmeoWFspIG-q1ZdyhvGY", "created_at": "2025-05-19T12:03:26.942Z", "expires_at": "2025-05-20T12:03:26Z"}}, {"model": "token_blacklist.outstandingtoken", "pk": 30, "fields": {"user": 12, "jti": "d617bb06b0744853a757534d527226d2", "token": "eyJhbGciOiJIUzI1NiIsInR5cCI6IkpXVCJ9.eyJ0b2tlbl90eXBlIjoicmVmcmVzaCIsImV4cCI6MTc0Nzc0Mjk5NiwiaWF0IjoxNzQ3NjU2NTk2LCJqdGkiOiJkNjE3YmIwNmIwNzQ0ODUzYTc1NzUzNGQ1MjcyMjZkMiIsInVzZXJfaWQiOjEyfQ.6OleGE2dk-zIhjO3qPcsjOBUCdCOWA9GVzZcMCtzIPM", "created_at": "2025-05-19T12:09:56.697Z", "expires_at": "2025-05-20T12:09:56Z"}}, {"model": "token_blacklist.outstandingtoken", "pk": 31, "fields": {"user": 12, "jti": "a747ffa3aff540e8bea9a4fc36dfe74f", "token": "eyJhbGciOiJIUzI1NiIsInR5cCI6IkpXVCJ9.eyJ0b2tlbl90eXBlIjoicmVmcmVzaCIsImV4cCI6MTc0Nzc0NDY2NSwiaWF0IjoxNzQ3NjU4MjY1LCJqdGkiOiJhNzQ3ZmZhM2FmZjU0MGU4YmVhOWE0ZmMzNmRmZTc0ZiIsInVzZXJfaWQiOjEyfQ.ThgF1-6r9PelywN2JC-H1bb_y_Rhjl8trTYOmhMbxqc", "created_at": "2025-05-19T12:37:45.058Z", "expires_at": "2025-05-20T12:37:45Z"}}, {"model": "token_blacklist.outstandingtoken", "pk": 32, "fields": {"user": 12, "jti": "e7c1b1842f50466fbd012c19f8c31c48", "token": "eyJhbGciOiJIUzI1NiIsInR5cCI6IkpXVCJ9.eyJ0b2tlbl90eXBlIjoicmVmcmVzaCIsImV4cCI6MTc0Nzc0NTExNSwiaWF0IjoxNzQ3NjU4NzE1LCJqdGkiOiJlN2MxYjE4NDJmNTA0NjZmYmQwMTJjMTlmOGMzMWM0OCIsInVzZXJfaWQiOjEyfQ.4AtfosCM4uYBE7Zf0loDydavMpJH_TwmhEq22b8AO98", "created_at": "2025-05-19T12:45:15.861Z", "expires_at": "2025-05-20T12:45:15Z"}}, {"model": "token_blacklist.outstandingtoken", "pk": 33, "fields": {"user": 12, "jti": "36bb03df6b524109b9bf8037f04682bb", "token": "eyJhbGciOiJIUzI1NiIsInR5cCI6IkpXVCJ9.eyJ0b2tlbl90eXBlIjoicmVmcmVzaCIsImV4cCI6MTc0Nzc0NTQxNCwiaWF0IjoxNzQ3NjU5MDE0LCJqdGkiOiIzNmJiMDNkZjZiNTI0MTA5YjliZjgwMzdmMDQ2ODJiYiIsInVzZXJfaWQiOjEyfQ.vO_VtDQCzdwoIRplvGI--zKtE0R7y_bapwO6mn4ENF8", "created_at": "2025-05-19T12:50:14.364Z", "expires_at": "2025-05-20T12:50:14Z"}}, {"model": "token_blacklist.outstandingtoken", "pk": 34, "fields": {"user": 12, "jti": "09235180a2524f0ba39c73eba531e73b", "token": "eyJhbGciOiJIUzI1NiIsInR5cCI6IkpXVCJ9.eyJ0b2tlbl90eXBlIjoicmVmcmVzaCIsImV4cCI6MTc0Nzc0NjA4NywiaWF0IjoxNzQ3NjU5Njg3LCJqdGkiOiIwOTIzNTE4MGEyNTI0ZjBiYTM5YzczZWJhNTMxZTczYiIsInVzZXJfaWQiOjEyfQ.SHpqX4ZHuxXKwjh_0TrSr71R3F3KzhSsTdTQSyDQlIw", "created_at": "2025-05-19T13:01:27.702Z", "expires_at": "2025-05-20T13:01:27Z"}}, {"model": "token_blacklist.outstandingtoken", "pk": 35, "fields": {"user": 12, "jti": "3b35e26a2532494795bf752d3fa1af3a", "token": "eyJhbGciOiJIUzI1NiIsInR5cCI6IkpXVCJ9.eyJ0b2tlbl90eXBlIjoicmVmcmVzaCIsImV4cCI6MTc0Nzc0OTgyMCwiaWF0IjoxNzQ3NjYzNDIwLCJqdGkiOiIzYjM1ZTI2YTI1MzI0OTQ3OTViZjc1MmQzZmExYWYzYSIsInVzZXJfaWQiOjEyfQ.QzIvvsSwcxmitzPyk8g69RsNQKINUH67i9WJHhHEM38", "created_at": "2025-05-19T14:03:40.596Z", "expires_at": "2025-05-20T14:03:40Z"}}, {"model": "token_blacklist.outstandingtoken", "pk": 36, "fields": {"user": 12, "jti": "65150f771f6a46eaa9847e9bacb2ea18", "token": "eyJhbGciOiJIUzI1NiIsInR5cCI6IkpXVCJ9.eyJ0b2tlbl90eXBlIjoicmVmcmVzaCIsImV4cCI6MTc0NzgwNTY2MywiaWF0IjoxNzQ3NzE5MjYzLCJqdGkiOiI2NTE1MGY3NzFmNmE0NmVhYTk4NDdlOWJhY2IyZWExOCIsInVzZXJfaWQiOjEyfQ.lyvDvHLfs6A1jPWEunw4DvmX5LqfM_1jXrDtSWeAoJc", "created_at": "2025-05-20T05:34:23.338Z", "expires_at": "2025-05-21T05:34:23Z"}}, {"model": "authentication.user", "pk": 1, "fields": {"password": "pbkdf2_sha256$1000000$4ooB35qIeNgCHGT6lq3bZX$xZQe6FG0YAPA6ApYK+CRUiLsVQOPLZcMBn61dZWEO4c=", "last_login": "2025-05-19T06:51:52.705Z", "email": "harif@gmail.com", "first_name": "muhammed", "last_name": null, "is_active": true, "is_admin": false, "is_staff": true, "is_superuser": true, "created_at": "2025-05-04T08:30:04.319Z", "updated_at": "2025-05-13T08:10:53.958Z", "profile_img": "", "groups": [], "user_permissions": []}}, {"model": "authentication.user", "pk": 11, "fields": {"password": "pbkdf2_sha256$1000000$P0TE9K25UpMWKBSjzVP25x$Mvm/fZ4okeSxLQlH2bAXXWkWWwYzG6D6iREJVjL+4mI=", "last_login": null, "email": "jalal@gmail.com", "first_name": "Muhammed", "last_name": "Jalal", "is_active": true, "is_admin": false, "is_staff": false, "is_superuser": false, "created_at": "2025-05-10T06:07:30.691Z", "updated_at": "2025-05-12T12:57:25.507Z", "profile_img": "profile_pics/profile_0ZNV1fJ.jpg", "groups": [], "user_permissions": []}}, {"model": "authentication.user", "pk": 12, "fields": {"password": "pbkdf2_sha256$1000000$47T8u8H84h8u9Y3RObJuJO$nYToJQgRAH57HTzsudHNZhUeadLaOBetW53hLWZnbzk=", "last_login": null, "email": "sinu@gmail.com", "first_name": "Mohsina", "last_name": "Harif", "is_active": true, "is_admin": false, "is_staff": false, "is_superuser": false, "created_at": "2025-05-12T13:03:24.968Z", "updated_at": "2025-05-12T14:00:58.778Z", "profile_img": "profile_pics/profile_EOGrVgH.jpg", "groups": [], "user_permissions": []}}, {"model": "authentication.user", "pk": 14, "fields": {"password": "pbkdf2_sha256$1000000$pGj8Or3vY9RVukbO9gzvye$2wlzOMWOZ9ocm8gQKzgUQtW7z8PlHi/UFIKEYkEVi5g=", "last_login": null, "email": "harifn786@gmail.com", "first_name": "Fathima", "last_name": "Irfana", "is_active": true, "is_admin": false, "is_staff": false, "is_superuser": false, "created_at": "2025-05-13T08:15:35.198Z", "updated_at": "2025-05-13T08:15:35.595Z", "profile_img": "", "groups": [], "user_permissions": []}}, {"model": "authentication.address", "pk": 2, "fields": {"user": 11, "street_address": "Kaloor Market Rd", "city": "Kochi", "zipcode": "682017", "country": "Kerala", "phone_number": "919745674674", "is_default": false, "address_type": "billing", "created_at": "2025-05-10T06:46:55.481Z"}}, {"model": "authentication.address", "pk": 3, "fields": {"user": 12, "street_address": "Al Rai", "city": "shuwaik", "zipcode": "3652863", "country": "kuwait", "phone_number": "60462255", "is_default": false, "address_type": "billing", "created_at": "2025-05-12T13:12:13.989Z"}}, {"model": "products.productcategory", "pk": 4, "fields": {"category_name": "Storage Items", "category_name_en": "Storage Items", "category_name_ar": " ", "category_image": "categories/Storage_category_image.jpg", "slug": "storage-items"}}, {"model": "products.productcategory", "pk": 5, "fields": {"category_name": "Kitchen Accessories", "category_name_en": "Kitchen Accessories", "category_name_ar": " ", "category_image": "categories/Kitchen_accessories_image.jpg", "slug": "kitchen-accessories"}}, {"model": "products.productcategory", "pk": 6, "fields": {"category_name": "Bathroom Essentials", "category_name_en": "Bathroom Essentials", "category_name_ar": " ", "category_image": "categories/bathroom_essentials_image.jpg", "slug": "bathroom-essentials"}}, {"model": "products.productcategory", "pk": 7, "fields": {"category_name": "Cleaning Tools", "category_name_en": "Cleaning Tools", "category_name_ar": " ", "category_image": "categories/Cleaning_tools_image.jpg", "slug": "cleaning-tools"}}, {"model": "products.product", "pk": 6, "fields": {"product_name": "Automatic Toothpaste Dispenser", "product_name_en": "Automatic Toothpaste Dispenser", "product_name_ar": "   ", "brand": "ecoco", "brand_en": "ecoco", "brand_ar": "", "slug": "automatic-toothpaste-dispenser", "price": "19.000", "stock": 100, "description": "An easy-to-use automatic toothpaste dispenser that helps you get the right amount of toothpaste every time, hands-free and mess-free.", "description_en": "An easy-to-use automatic toothpaste dispenser that helps you get the right amount of toothpaste every time, hands-free and mess-free.", "description_ar": "                  .", "use_and_care": "Mount on a clean, dry wall using the provided adhesive.\r\n\r\nInsert your toothpaste tube and press to dispense.\r\n\r\nClean regularly with a damp cloth.\r\n\r\nDo not submerge in water.", "use_and_care_en": "Mount on a clean, dry wall using the provided adhesive.\r\n\r\nInsert your toothpaste tube and press to dispense.\r\n\r\nClean regularly with a damp cloth.\r\n\r\nDo not submerge in water.", "use_and_care_ar": "        .\r\n\r\n       .\r\n\r\n      .\r\n\r\n    .", "is_available": true, "category": 6, "created_date": "2025-05-12T09:50:10.590Z", "modified_date": "2025-05-15T07:40:58.076Z"}}, {"model": "products.product", "pk": 8, "fields": {"product_name": "Spice Rack", "product_name_en": "Spice Rack", "product_name_ar": " ", "brand": "ecoco", "brand_en": "ecoco", "brand_ar": "", "slug": "spice-rack", "price": null, "stock": 100, "description": "Smart storage that sticks with you.\r\n\r\nThe ecoco Spice Rack keeps your most-used seasonings neatly displayed and within easy reach. With strong adhesive mounting and a heavy-duty hold of up to 10kg, its built to save space without sacrificing strength.\r\n\r\nSleek, minimal, and easy to clean, perfect for modern kitchens that do more with less.", "description_en": "Smart storage that sticks with you.\r\n\r\nThe ecoco Spice Rack keeps your most-used seasonings neatly displayed and within easy reach. With strong adhesive mounting and a heavy-duty hold of up to 10kg, its built to save space without sacrificing strength.\r\n\r\nSleek, minimal, and easy to clean, perfect for modern kitchens that do more with less.", "description_ar": "   .\r\n\r\n            .         10       .\r\n\r\n             ", "use_and_care": "Ecoco products use a waterproof, heavy-duty adhesive mount thats built to last, no drilling needed.\r\n\r\nHow to install:\r\n\r\nClean and dry the surface\r\nPeel off the backing\r\nPress the adhesive pad firmly\r\nSlide the product into place\r\nBest for: tile, glass, mirrors, plastic, painted wood, stainless steel.\r\n\r\nAvoid: rough or uneven surfaces.\r\n\r\nLet the adhesive set for 12 hours before use for maximum strength.", "use_and_care_en": "Ecoco products use a waterproof, heavy-duty adhesive mount thats built to last, no drilling needed.\r\n\r\nHow to install:\r\n\r\nClean and dry the surface\r\nPeel off the backing\r\nPress the adhesive pad firmly\r\nSlide the product into place\r\nBest for: tile, glass, mirrors, plastic, painted wood, stainless steel.\r\n\r\nAvoid: rough or uneven surfaces.\r\n\r\nLet the adhesive set for 12 hours before use for maximum strength.", "use_and_care_ar": "            .\r\n\r\n :\r\n\r\n   \r\n\r\n   \r\n\r\n    \r\n\r\n    \r\n\r\n  :         .\r\n\r\n  :     .\r\n\r\n   12       .", "is_available": true, "category": 5, "created_date": "2025-05-13T13:24:01.753Z", "modified_date": "2025-05-15T07:42:27.061Z"}}, {"model": "products.product", "pk": 9, "fields": {"product_name": "Kitchen Storage Rack", "product_name_en": "Kitchen Storage Rack", "product_name_ar": "  ", "brand": "ecoco", "brand_en": "ecoco", "brand_ar": "", "slug": "kitchen-storage-rack", "price": null, "stock": 100, "description": "Declutter your kitchen, beautifully.\r\n\r\nThe ecoco Kitchen Storage Rack is a space-saving wall-mounted organizer that keeps your cooking tools in easy reach. With built-in hooks and a towel bar, it stores knives, spatulas, chopsticks, and more, all while keeping your counter clear.\r\n\r\nChoose from adhesive or screw installation to suit your space. Minimal, modern, and built for everyday use.", "description_en": "Declutter your kitchen, beautifully.\r\n\r\nThe ecoco Kitchen Storage Rack is a space-saving wall-mounted organizer that keeps your cooking tools in easy reach. With built-in hooks and a towel bar, it stores knives, spatulas, chopsticks, and more, all while keeping your counter clear.\r\n\r\nChoose from adhesive or screw installation to suit your space. Minimal, modern, and built for everyday use.", "description_ar": "    ecoco           .                  .\r\n\r\n       .      ", "use_and_care": "Ecoco products use a waterproof, heavy-duty adhesive mount thats built to last, no drilling needed.\r\n\r\nHow to install:\r\n\r\nClean and dry the surface\r\nPeel off the backing\r\nPress the adhesive pad firmly\r\nSlide the product into place\r\nBest for: tile, glass, mirrors, plastic, painted wood, stainless steel.\r\n\r\nAvoid: rough or uneven surfaces.\r\n\r\nLet the adhesive set for 12 hours before use for maximum strength.", "use_and_care_en": "Ecoco products use a waterproof, heavy-duty adhesive mount thats built to last, no drilling needed.\r\n\r\nHow to install:\r\n\r\nClean and dry the surface\r\nPeel off the backing\r\nPress the adhesive pad firmly\r\nSlide the product into place\r\nBest for: tile, glass, mirrors, plastic, painted wood, stainless steel.\r\n\r\nAvoid: rough or uneven surfaces.\r\n\r\nLet the adhesive set for 12 hours before use for maximum strength.", "use_and_care_ar": " Ecoco              .\r\n\r\n** :**\r\n\r\n1.    \r\n2.    \r\n3.     \r\n4.     \r\n\r\n** :**         .\r\n\r\n**:**     .\r\n\r\n   12       .", "is_available": true, "category": 5, "created_date": "2025-05-13T13:33:02.527Z", "modified_date": "2025-05-15T07:40:13.460Z"}}, {"model": "products.product", "pk": 10, "fields": {"product_name": "Compact Home Bin", "product_name_en": "Compact Home Bin", "product_name_ar": "  ", "brand": "ecoco", "brand_en": "ecoco", "brand_ar": "", "slug": "compact-home-bin", "price": "39.000", "stock": 100, "description": "A cleaner kitchen starts here.\r\n\r\nThe Ecoco Compact Home Bin is a sleek, wall-mounted trash solution designed to keep your space minimal and mess-free. Its soft-rolling lid opens effortlessly for quick disposal and seals tightly to contain odors, ideal for daily use in tight kitchen spaces.\r\n\r\nMounted directly to cabinets or flat surfaces, it stays out of the way but always within reach. The modern silhouette elevates even the most functional corner of your home.", "description_en": "A cleaner kitchen starts here.\r\n\r\nThe Ecoco Compact Home Bin is a sleek, wall-mounted trash solution designed to keep your space minimal and mess-free. Its soft-rolling lid opens effortlessly for quick disposal and seals tightly to contain odors, ideal for daily use in tight kitchen spaces.\r\n\r\nMounted directly to cabinets or flat surfaces, it stays out of the way but always within reach. The modern silhouette elevates even the most functional corner of your home.", "description_ar": "    .\r\n\r\n Ecoco              .                    .\r\n\r\n               .            .", "use_and_care": "", "use_and_care_en": "", "use_and_care_ar": "", "is_available": true, "category": 4, "created_date": "2025-05-13T13:43:39.481Z", "modified_date": "2025-05-15T07:39:52.660Z"}}, {"model": "products.product", "pk": 11, "fields": {"product_name": "Toilet Brush V3", "product_name_en": "Toilet Brush V3", "product_name_ar": "    (V3)", "brand": "ecoco", "brand_en": "ecoco", "brand_ar": "", "slug": "toilet-brush-v3", "price": null, "stock": 100, "description": "The ecoco Toilet Brush V3 is a wall-mounted, space-saving essential designed for minimalist bathrooms. Its sleek, detachable brush tucks neatly into a compact holder, keeping everything hygienic, elevated, and out of the way.\r\n\r\nEasy to install with no drilling required, it blends seamlessly into your space while making daily cleaning feel less like a chore.", "description_en": "The ecoco Toilet Brush V3 is a wall-mounted, space-saving essential designed for minimalist bathrooms. Its sleek, detachable brush tucks neatly into a compact holder, keeping everything hygienic, elevated, and out of the way.\r\n\r\nEasy to install with no drilling required, it blends seamlessly into your space while making daily cleaning feel less like a chore.", "description_ar": "     (V3)            .                   .\r\n\r\n                .", "use_and_care": "Ecoco products use a waterproof, heavy-duty adhesive mount thats built to last, no drilling needed.\r\n\r\nHow to install:\r\n\r\nClean and dry the surface\r\nPeel off the backing\r\nPress the adhesive pad firmly\r\nSlide the product into place\r\nBest for: tile, glass, mirrors, plastic, painted wood, stainless steel.\r\n\r\nAvoid: rough or uneven surfaces.\r\n\r\nLet the adhesive set for 12 hours before use for maximum strength.", "use_and_care_en": "Ecoco products use a waterproof, heavy-duty adhesive mount thats built to last, no drilling needed.\r\n\r\nHow to install:\r\n\r\nClean and dry the surface\r\nPeel off the backing\r\nPress the adhesive pad firmly\r\nSlide the product into place\r\nBest for: tile, glass, mirrors, plastic, painted wood, stainless steel.\r\n\r\nAvoid: rough or uneven surfaces.\r\n\r\nLet the adhesive set for 12 hours before use for maximum strength.", "use_and_care_ar": "  Ecoco            .\r\n\r\n** :**\r\n\r\n1.    \r\n2.    \r\n3.      \r\n4.     \r\n\r\n**  :**         .\r\n\r\n**:**     .\r\n\r\n   12        .", "is_available": true, "category": 7, "created_date": "2025-05-13T13:56:31.176Z", "modified_date": "2025-05-15T07:39:18.810Z"}}, {"model": "products.product", "pk": 12, "fields": {"product_name": "Shelf", "product_name_en": "Shelf", "product_name_ar": "", "brand": "ecoco", "brand_en": "ecoco", "brand_ar": "", "slug": "shelf", "price": null, "stock": 100, "description": "Storage that blends in, and stands out.\r\n\r\nThe ecoco Wall-Mounted Shelf is a modern organizer designed to bring structure to your space without compromising style. With dual shelves for toiletries or kitchen items and a built-in towel bar, it offers everyday functionality with a minimalist finish.\r\n\r\nWhether you're storing skincare, spices, or bath essentials, this shelf installs easily and keeps everything within reach, while keeping your counters clear.\r\n\r\nSleek. Versatile. Made to elevate.", "description_en": "Storage that blends in, and stands out.\r\n\r\nThe ecoco Wall-Mounted Shelf is a modern organizer designed to bring structure to your space without compromising style. With dual shelves for toiletries or kitchen items and a built-in towel bar, it offers everyday functionality with a minimalist finish.\r\n\r\nWhether you're storing skincare, spices, or bath essentials, this shelf installs easily and keeps everything within reach, while keeping your counters clear.\r\n\r\nSleek. Versatile. Made to elevate.", "description_ar": "    .\r\n\r\n   ecoco            .                   .\r\n\r\n                           .\r\n\r\n.  .   .", "use_and_care": "Ecoco products use a waterproof, heavy-duty adhesive mount thats built to last, no drilling needed.\r\n\r\nHow to install:\r\n\r\nClean and dry the surface\r\nPeel off the backing\r\nPress the adhesive pad firmly\r\nSlide the product into place\r\nBest for: tile, glass, mirrors, plastic, painted wood, stainless steel.\r\n\r\nAvoid: rough or uneven surfaces.\r\n\r\nLet the adhesive set for 12 hours before use for maximum strength.", "use_and_care_en": "Ecoco products use a waterproof, heavy-duty adhesive mount thats built to last, no drilling needed.\r\n\r\nHow to install:\r\n\r\nClean and dry the surface\r\nPeel off the backing\r\nPress the adhesive pad firmly\r\nSlide the product into place\r\nBest for: tile, glass, mirrors, plastic, painted wood, stainless steel.\r\n\r\nAvoid: rough or uneven surfaces.\r\n\r\nLet the adhesive set for 12 hours before use for maximum strength.", "use_and_care_ar": "  Ecoco           .\r\n\r\n :\r\n\r\n   \r\n\r\n   \r\n\r\n   \r\n\r\n    \r\n\r\n  :          ( ).\r\n\r\n  :     .\r\n\r\n   12       .", "is_available": true, "category": 4, "created_date": "2025-05-14T05:46:55.356Z", "modified_date": "2025-05-15T07:39:12.910Z"}}, {"model": "products.product", "pk": 13, "fields": {"product_name": "Double Cup Storage V2", "product_name_en": "Double Cup Storage V2", "product_name_ar": "     ", "brand": "ecoco", "brand_en": "ecoco", "brand_ar": "", "slug": "double-cup-storage-v2", "price": "19.000", "stock": 100, "description": "More space. Less clutter.\r\n\r\nThe Ecoco Double Cup Storage V2 is a modern wall-mounted organizer designed to keep bathroom counters clear and your essentials within reach. With dual compartments and dedicated holders for toothbrushes, razors, and even hair tools, its your new countertop hero.\r\n\r\nWater-resistant and easy to mount with strong adhesive backing, it stays put in steamy settings and complements any dcor with its minimalist design.\r\n\r\nSmart storage, made beautiful.", "description_en": "More space. Less clutter.\r\n\r\nThe Ecoco Double Cup Storage V2 is a modern wall-mounted organizer designed to keep bathroom counters clear and your essentials within reach. With dual compartments and dedicated holders for toothbrushes, razors, and even hair tools, its your new countertop hero.\r\n\r\nWater-resistant and easy to mount with strong adhesive backing, it stays put in steamy settings and complements any dcor with its minimalist design.\r\n\r\nSmart storage, made beautiful.", "description_ar": " .  .\r\n\r\n  Ecoco Double Cup Storage V2                 .                  .\r\n\r\n                    .\r\n\r\n ...  .", "use_and_care": "Ecoco products use a waterproof, heavy-duty adhesive mount thats built to last, no drilling needed.\r\n\r\nHow to install:\r\n\r\nClean and dry the surface\r\nPeel off the backing\r\nPress the adhesive pad firmly\r\nSlide the product into place\r\nBest for: tile, glass, mirrors, plastic, painted wood, stainless steel.\r\n\r\nAvoid: rough or uneven surfaces.\r\n\r\nLet the adhesive set for 12 hours before use for maximum strength.", "use_and_care_en": "Ecoco products use a waterproof, heavy-duty adhesive mount thats built to last, no drilling needed.\r\n\r\nHow to install:\r\n\r\nClean and dry the surface\r\nPeel off the backing\r\nPress the adhesive pad firmly\r\nSlide the product into place\r\nBest for: tile, glass, mirrors, plastic, painted wood, stainless steel.\r\n\r\nAvoid: rough or uneven surfaces.\r\n\r\nLet the adhesive set for 12 hours before use for maximum strength.", "use_and_care_ar": "  Ecoco           .\r\n\r\n :\r\n\r\n   \r\n\r\n   \r\n\r\n     \r\n\r\n    \r\n\r\n  :          ( ).\r\n\r\n   :     .\r\n\r\n   12       .", "is_available": true, "category": 4, "created_date": "2025-05-14T05:55:32.698Z", "modified_date": "2025-05-15T07:38:50.643Z"}}, {"model": "products.product", "pk": 14, "fields": {"product_name": "Corner Shelf", "product_name_en": "Corner Shelf", "product_name_ar": " ", "brand": "ecoco", "brand_en": "ecoco", "brand_ar": "", "slug": "corner-shelf", "price": "24.000", "stock": 100, "description": "The ecoco Wall-Mounted Corner Shelf is designed to bring order to overlooked spaces, from steamy showers to kitchen corners. Its minimalist triangular shape fits flush in any corner, offering instant access to your everyday essentials.\r\n\r\nMade from durable, waterproof materials and installed without drilling, its the sleek, secure solution for storing toiletries, skincare, or pantry goods, all while keeping surfaces clean and clutter-free.\r\n\r\nA smarter way to organize.", "description_en": "The ecoco Wall-Mounted Corner Shelf is designed to bring order to overlooked spaces, from steamy showers to kitchen corners. Its minimalist triangular shape fits flush in any corner, offering instant access to your everyday essentials.\r\n\r\nMade from durable, waterproof materials and installed without drilling, its the sleek, secure solution for storing toiletries, skincare, or pantry goods, all while keeping surfaces clean and clutter-free.\r\n\r\nA smarter way to organize.", "description_ar": "    ecoco            .              .\r\n\r\n                              .\r\n\r\n  .", "use_and_care": "Ecoco products use a waterproof, heavy-duty adhesive mount thats built to last, no drilling needed.\r\n\r\nHow to install:\r\n\r\nClean and dry the surface\r\nPeel off the backing\r\nPress the adhesive pad firmly\r\nSlide the product into place\r\nBest for: tile, glass, mirrors, plastic, painted wood, stainless steel.\r\n\r\nAvoid: rough or uneven surfaces.\r\n\r\nLet the adhesive set for 12 hours before use for maximum strength.", "use_and_care_en": "Ecoco products use a waterproof, heavy-duty adhesive mount thats built to last, no drilling needed.\r\n\r\nHow to install:\r\n\r\nClean and dry the surface\r\nPeel off the backing\r\nPress the adhesive pad firmly\r\nSlide the product into place\r\nBest for: tile, glass, mirrors, plastic, painted wood, stainless steel.\r\n\r\nAvoid: rough or uneven surfaces.\r\n\r\nLet the adhesive set for 12 hours before use for maximum strength.", "use_and_care_ar": "  Ecoco           .\r\n\r\n :\r\n\r\n   \r\n\r\n   \r\n\r\n   \r\n\r\n    \r\n\r\n  :         .\r\n\r\n  :     .\r\n\r\n   12       .", "is_available": true, "category": 4, "created_date": "2025-05-14T06:16:45.102Z", "modified_date": "2025-05-15T07:38:11.859Z"}}, {"model": "products.product", "pk": 15, "fields": {"product_name": "Food Chopper", "product_name_en": "Food Chopper", "product_name_ar": " ", "brand": "ecoco", "brand_en": "ecoco", "brand_ar": "", "slug": "food-chopper", "price": null, "stock": 100, "description": "Fast prep. Zero mess.\r\n\r\nThe ecoco Food Chopper makes slicing and dicing effortless with sharp stainless steel blades that deliver quick, even results. Perfect for chopping veggies, fruits, nuts, and more, all without the mess of a traditional cutting board.\r\n\r\nDurable enough for daily use and compact enough for travel, its the kitchen essential that fits your routine and your space.", "description_en": "Fast prep. Zero mess.\r\n\r\nThe ecoco Food Chopper makes slicing and dicing effortless with sharp stainless steel blades that deliver quick, even results. Perfect for chopping veggies, fruits, nuts, and more, all without the mess of a traditional cutting board.\r\n\r\nDurable enough for daily use and compact enough for travel, its the kitchen essential that fits your routine and your space.", "description_ar": " .  .\r\n\r\n   ecoco                  .              .\r\n\r\n                  .", "use_and_care": "Ecoco products use a waterproof, heavy-duty adhesive mount thats built to last, no drilling needed.\r\n\r\nHow to install:\r\n\r\nClean and dry the surface\r\nPeel off the backing\r\nPress the adhesive pad firmly\r\nSlide the product into place\r\nBest for: tile, glass, mirrors, plastic, painted wood, stainless steel.\r\n\r\nAvoid: rough or uneven surfaces.\r\n\r\nLet the adhesive set for 12 hours before use for maximum strength.", "use_and_care_en": "Ecoco products use a waterproof, heavy-duty adhesive mount thats built to last, no drilling needed.\r\n\r\nHow to install:\r\n\r\nClean and dry the surface\r\nPeel off the backing\r\nPress the adhesive pad firmly\r\nSlide the product into place\r\nBest for: tile, glass, mirrors, plastic, painted wood, stainless steel.\r\n\r\nAvoid: rough or uneven surfaces.\r\n\r\nLet the adhesive set for 12 hours before use for maximum strength.", "use_and_care_ar": "  Ecoco            .\r\n\r\n :\r\n\r\n   \r\n\r\n   \r\n\r\n   \r\n\r\n   \r\n\r\n  :         .\r\n\r\n   :     .\r\n\r\n   12       .", "is_available": true, "category": 5, "created_date": "2025-05-14T06:24:42.655Z", "modified_date": "2025-05-14T12:49:53.936Z"}}, {"model": "products.product", "pk": 16, "fields": {"product_name": "Kitchen Drying Station", "product_name_en": "Kitchen Drying Station", "product_name_ar": "  ", "brand": "ecoco", "brand_en": "ecoco", "brand_ar": "", "slug": "kitchen-drying-station", "price": "24.000", "stock": 100, "description": "The Ecoco Kitchen Drying Station is a compact wall-mounted organizer that handles more than just your utensils. With a lid rack, utensil holder, and built-in drainage that directs water straight into the sink, it keeps your counter dry, clear, and clutter-free.\r\n\r\nHeat-resistant and easy to install, its the all-in-one solution for modern kitchens where space, and style, matters.", "description_en": "The Ecoco Kitchen Drying Station is a compact wall-mounted organizer that handles more than just your utensils. With a lid rack, utensil holder, and built-in drainage that directs water straight into the sink, it keeps your counter dry, clear, and clutter-free.\r\n\r\nHeat-resistant and easy to install, its the all-in-one solution for modern kitchens where space, and style, matters.", "description_ar": "    Ecoco           .                       .\r\n\r\n             .", "use_and_care": "Ecoco products use a waterproof, heavy-duty adhesive mount thats built to last, no drilling needed.\r\n\r\nHow to install:\r\n\r\nClean and dry the surface\r\nPeel off the backing\r\nPress the adhesive pad firmly\r\nSlide the product into place\r\nBest for: tile, glass, mirrors, plastic, painted wood, stainless steel.\r\n\r\nAvoid: rough or uneven surfaces.\r\n\r\nLet the adhesive set for 12 hours before use for maximum strength.", "use_and_care_en": "Ecoco products use a waterproof, heavy-duty adhesive mount thats built to last, no drilling needed.\r\n\r\nHow to install:\r\n\r\nClean and dry the surface\r\nPeel off the backing\r\nPress the adhesive pad firmly\r\nSlide the product into place\r\nBest for: tile, glass, mirrors, plastic, painted wood, stainless steel.\r\n\r\nAvoid: rough or uneven surfaces.\r\n\r\nLet the adhesive set for 12 hours before use for maximum strength.", "use_and_care_ar": "  Ecoco           .\r\n\r\n :\r\n\r\n   \r\n\r\n   \r\n\r\n   \r\n\r\n   \r\n\r\n  :         .\r\n\r\n  :     .\r\n\r\n   12       .", "is_available": true, "category": 5, "created_date": "2025-05-14T06:31:50.492Z", "modified_date": "2025-05-15T07:37:17.646Z"}}, {"model": "products.product", "pk": 17, "fields": {"product_name": "Rack Organizer", "product_name_en": "Rack Organizer", "product_name_ar": " ", "brand": "ecoco", "brand_en": "ecoco", "brand_ar": "", "slug": "rack-organizer", "price": null, "stock": 100, "description": "Minimal form. Maximum function.\r\n\r\nThe ecoco Rack Organizer is a sleek, wall-mounted solution for keeping towels, cloths, or slippers dry and off the counter. Designed for compact spaces, it uses a powerful adhesive backing for easy, drill-free installation and a long-lasting hold, even in humid environments.\r\n\r\nWater-resistant and easy to clean, its the modern rack that fits right into your bathroom, kitchen, or laundry setup.", "description_en": "Minimal form. Maximum function.\r\n\r\nThe ecoco Rack Organizer is a sleek, wall-mounted solution for keeping towels, cloths, or slippers dry and off the counter. Designed for compact spaces, it uses a powerful adhesive backing for easy, drill-free installation and a long-lasting hold, even in humid environments.\r\n\r\nWater-resistant and easy to clean, its the modern rack that fits right into your bathroom, kitchen, or laundry setup.", "description_ar": " .  .\r\n\r\n   ecoco              .                  .\r\n\r\n                 .", "use_and_care": "Ecoco products use a waterproof, heavy-duty adhesive mount thats built to last, no drilling needed.\r\n\r\nHow to install:\r\n\r\nClean and dry the surface\r\nPeel off the backing\r\nPress the adhesive pad firmly\r\nSlide the product into place\r\nBest for: tile, glass, mirrors, plastic, painted wood, stainless steel.\r\n\r\nAvoid: rough or uneven surfaces.\r\n\r\nLet the adhesive set for 12 hours before use for maximum strength.", "use_and_care_en": "Ecoco products use a waterproof, heavy-duty adhesive mount thats built to last, no drilling needed.\r\n\r\nHow to install:\r\n\r\nClean and dry the surface\r\nPeel off the backing\r\nPress the adhesive pad firmly\r\nSlide the product into place\r\nBest for: tile, glass, mirrors, plastic, painted wood, stainless steel.\r\n\r\nAvoid: rough or uneven surfaces.\r\n\r\nLet the adhesive set for 12 hours before use for maximum strength.", "use_and_care_ar": "  Ecoco           .\r\n\r\n :\r\n\r\n   .\r\n\r\n   .\r\n\r\n   .\r\n\r\n   .\r\n\r\n  :         .\r\n\r\n  :     .\r\n\r\n   12       .", "is_available": true, "category": 6, "created_date": "2025-05-14T06:38:16.262Z", "modified_date": "2025-05-15T07:36:37.525Z"}}, {"model": "products.product", "pk": 18, "fields": {"product_name": "Toilet Brush V1", "product_name_en": "Toilet Brush V1", "product_name_ar": "  V1", "brand": "ecoco", "brand_en": "ecoco", "brand_ar": "", "slug": "toilet-brush-v1", "price": "24.000", "stock": 100, "description": "A better clean, by design.\r\n\r\nThe ecoco Toilet Brush V1 is a wall-mounted essential crafted for deep, 360 cleaning. Its flexible silicone bristles reach into corners and under rims with ease, while the ventilated holder promotes quick drying and odor control.\r\n\r\nBuilt from durable, eco-friendly materials, this brush blends seamlessly into your bathroom and installs in seconds, no drilling required.\r\n\r\nA cleaner brush. A cleaner space. All in one.", "description_en": "A better clean, by design.\r\n\r\nThe ecoco Toilet Brush V1 is a wall-mounted essential crafted for deep, 360 cleaning. Its flexible silicone bristles reach into corners and under rims with ease, while the ventilated holder promotes quick drying and odor control.\r\n\r\nBuilt from durable, eco-friendly materials, this brush blends seamlessly into your bathroom and installs in seconds, no drilling required.\r\n\r\nA cleaner brush. A cleaner space. All in one.", "description_ar": "   .\r\n\r\n  ecoco V1           360.                     .\r\n\r\n                 .\r\n\r\n .  .    .", "use_and_care": "Ecoco products use a waterproof, heavy-duty adhesive mount thats built to last, no drilling needed.\r\n\r\nHow to install:\r\n\r\nClean and dry the surface\r\nPeel off the backing\r\nPress the adhesive pad firmly\r\nSlide the product into place\r\nBest for: tile, glass, mirrors, plastic, painted wood, stainless steel.\r\n\r\nAvoid: rough or uneven surfaces.\r\n\r\nLet the adhesive set for 12 hours before use for maximum strength.", "use_and_care_en": "Ecoco products use a waterproof, heavy-duty adhesive mount thats built to last, no drilling needed.\r\n\r\nHow to install:\r\n\r\nClean and dry the surface\r\nPeel off the backing\r\nPress the adhesive pad firmly\r\nSlide the product into place\r\nBest for: tile, glass, mirrors, plastic, painted wood, stainless steel.\r\n\r\nAvoid: rough or uneven surfaces.\r\n\r\nLet the adhesive set for 12 hours before use for maximum strength.", "use_and_care_ar": "  Ecoco           .\r\n\r\n :\r\n\r\n   .\r\n\r\n   .\r\n\r\n   .\r\n\r\n   .\r\n\r\n  :         .\r\n\r\n  :     .\r\n\r\n   12       .", "is_available": true, "category": 6, "created_date": "2025-05-14T06:47:18.267Z", "modified_date": "2025-05-15T06:31:54.915Z"}}, {"model": "products.product", "pk": 19, "fields": {"product_name": "Hair Dryer Station", "product_name_en": "Hair Dryer Station", "product_name_ar": "  ", "brand": "ecoco", "brand_en": "ecoco", "brand_ar": "", "slug": "hair-dryer-station", "price": null, "stock": 100, "description": "Organize your routine in style.\r\n\r\nThe ecoco Hair Dryer Station keeps your hair dryer, brushes, and styling tools neatly stored and always within reach. With a water-resistant, easy-to-clean design and strong adhesive mounting, it installs in seconds, no drilling, no damage.\r\n\r\nCrafted from durable ABS and PET materials, its built for everyday use and designed to blend effortlessly into your bathroom space.", "description_en": "Organize your routine in style.\r\n\r\nThe ecoco Hair Dryer Station keeps your hair dryer, brushes, and styling tools neatly stored and always within reach. With a water-resistant, easy-to-clean design and strong adhesive mounting, it installs in seconds, no drilling, no damage.\r\n\r\nCrafted from durable ABS and PET materials, its built for everyday use and designed to blend effortlessly into your bathroom space.", "description_ar": "  .\r\n\r\n    ecoco            .                     .\r\n\r\n   ABS PET           .", "use_and_care": "Ecoco products use a waterproof, heavy-duty adhesive mount thats built to last, no drilling needed.\r\n\r\nHow to install:\r\n\r\nClean and dry the surface\r\nPeel off the backing\r\nPress the adhesive pad firmly\r\nSlide the product into place\r\nBest for: tile, glass, mirrors, plastic, painted wood, stainless steel.\r\n\r\nAvoid: rough or uneven surfaces.\r\n\r\nLet the adhesive set for 12 hours before use for maximum strength.", "use_and_care_en": "Ecoco products use a waterproof, heavy-duty adhesive mount thats built to last, no drilling needed.\r\n\r\nHow to install:\r\n\r\nClean and dry the surface\r\nPeel off the backing\r\nPress the adhesive pad firmly\r\nSlide the product into place\r\nBest for: tile, glass, mirrors, plastic, painted wood, stainless steel.\r\n\r\nAvoid: rough or uneven surfaces.\r\n\r\nLet the adhesive set for 12 hours before use for maximum strength.", "use_and_care_ar": "  Ecoco           .\r\n\r\n :\r\n\r\n   .\r\n\r\n   .\r\n\r\n   .\r\n\r\n   .\r\n\r\n  :         .\r\n\r\n  :     .\r\n\r\n   12       .", "is_available": true, "category": 6, "created_date": "2025-05-14T06:54:07.201Z", "modified_date": "2025-05-15T07:35:58.077Z"}}, {"model": "products.product", "pk": 20, "fields": {"product_name": "Broom Holder V2", "product_name_en": "Broom Holder V2", "product_name_ar": "  V2", "brand": "ecoco", "brand_en": "ecoco", "brand_ar": "", "slug": "broom-holder-v2", "price": null, "stock": 100, "description": "Declutter your space with ease.\r\n\r\nThe ecoco Broom Holder V2 keeps your essentials off the floor and neatly in place. Its self-adjusting grips secure handles of any size, from brooms to mops, while the minimalist, wall-mounted design brings order to closets, kitchens, or utility rooms.\r\n\r\nInstallation is simple with the included hardware, and the compact build holds strong, even with heavy tools.\r\n\r\nDesigned for clean spaces that stay that way.", "description_en": "Declutter your space with ease.\r\n\r\nThe ecoco Broom Holder V2 keeps your essentials off the floor and neatly in place. Its self-adjusting grips secure handles of any size, from brooms to mops, while the minimalist, wall-mounted design brings order to closets, kitchens, or utility rooms.\r\n\r\nInstallation is simple with the included hardware, and the compact build holds strong, even with heavy tools.\r\n\r\nDesigned for clean spaces that stay that way.", "description_ar": "  V2  ecoco        .                        .\r\n\r\n            .", "use_and_care": "Ecoco products use a waterproof, heavy-duty adhesive mount thats built to last, no drilling needed.\r\n\r\nHow to install:\r\n\r\nClean and dry the surface\r\nPeel off the backing\r\nPress the adhesive pad firmly\r\nSlide the product into place\r\nBest for: tile, glass, mirrors, plastic, painted wood, stainless steel.\r\n\r\nAvoid: rough or uneven surfaces.\r\n\r\nLet the adhesive set for 12 hours before use for maximum strength.", "use_and_care_en": "Ecoco products use a waterproof, heavy-duty adhesive mount thats built to last, no drilling needed.\r\n\r\nHow to install:\r\n\r\nClean and dry the surface\r\nPeel off the backing\r\nPress the adhesive pad firmly\r\nSlide the product into place\r\nBest for: tile, glass, mirrors, plastic, painted wood, stainless steel.\r\n\r\nAvoid: rough or uneven surfaces.\r\n\r\nLet the adhesive set for 12 hours before use for maximum strength.", "use_and_care_ar": "  Ecoco           .\r\n\r\n :\r\n\r\n   .\r\n\r\n   .\r\n\r\n   .\r\n\r\n   .\r\n\r\n  :         .\r\n\r\n  :     .\r\n\r\n   12       .", "is_available": true, "category": 7, "created_date": "2025-05-14T07:05:35.072Z", "modified_date": "2025-05-15T07:20:48.984Z"}}, {"model": "products.product", "pk": 21, "fields": {"product_name": "Rice Storage", "product_name_en": "Rice Storage", "product_name_ar": " ", "brand": "ecoco", "brand_en": "ecoco", "brand_ar": "", "slug": "rice-storage", "price": null, "stock": null, "description": "Freshness that lasts, design that fits.\r\n\r\nThe ecoco Rice Storage container is your airtight solution for bulk kitchen staples. With a 10kg capacity, its ideal for rice, grains, or cereal, keeping them crisp, dry, and safe from moisture or pests.\r\n\r\nMade from BPA-free, food-grade materials, this sleek container blends effortlessly into any modern kitchen while maximizing storage in minimal space.", "description_en": "Freshness that lasts, design that fits.\r\n\r\nThe ecoco Rice Storage container is your airtight solution for bulk kitchen staples. With a 10kg capacity, its ideal for rice, grains, or cereal, keeping them crisp, dry, and safe from moisture or pests.\r\n\r\nMade from BPA-free, food-grade materials, this sleek container blends effortlessly into any modern kitchen while maximizing storage in minimal space.", "description_ar": "   .\r\n\r\n   Ecoco          .  10                  .\r\n\r\n        BPA                 .", "use_and_care": "", "use_and_care_en": "", "use_and_care_ar": "", "is_available": true, "category": 4, "created_date": "2025-05-19T07:02:09.642Z", "modified_date": "2025-05-19T07:02:09.642Z"}}, {"model": "products.product", "pk": 22, "fields": {"product_name": "Smart Water Dispenser", "product_name_en": "Smart Water Dispenser", "product_name_ar": "  ", "brand": "ecoco", "brand_en": "ecoco", "brand_ar": "", "slug": "smart-water-dispenser", "price": "34.000", "stock": null, "description": "Clean hydration, simplified.\r\n\r\nThe ecoco Smart Water Dispenser delivers fresh water at the tap of a button, no heavy lifting, no spills, no hassle. Designed to fit most standard water bottles, its the sleek, portable solution for staying hydrated at home, in the office, or on the go.\r\n\r\nUSB rechargeable and built to last up to 30 days on a single charge, its a minimalist must-have for modern living.\r\n\r\nEffortless to use. Easy to love.", "description_en": "Clean hydration, simplified.\r\n\r\nThe ecoco Smart Water Dispenser delivers fresh water at the tap of a button, no heavy lifting, no spills, no hassle. Designed to fit most standard water bottles, its the sleek, portable solution for staying hydrated at home, in the office, or on the go.\r\n\r\nUSB rechargeable and built to last up to 30 days on a single charge, its a minimalist must-have for modern living.\r\n\r\nEffortless to use. Easy to love.", "description_ar": "  .\r\n\r\n    Ecoco              .                    .\r\n\r\n   USB   30          .\r\n\r\n .  .", "use_and_care": "", "use_and_care_en": "", "use_and_care_ar": "", "is_available": true, "category": 5, "created_date": "2025-05-19T07:14:53.532Z", "modified_date": "2025-05-19T07:14:53.532Z"}}, {"model": "products.productvariant", "pk": 1, "fields": {"product": 15, "color": "1000ml Black", "color_en": "1000ml Black", "color_ar": "1000  ", "size": null, "price": "29.000", "stock": 50, "is_available": true}}, {"model": "products.productvariant", "pk": 2, "fields": {"product": 15, "color": "1000ml Grey", "color_en": "1000ml Grey", "color_ar": "1000  ", "size": null, "price": "29.000", "stock": 100, "is_available": true}}, {"model": "products.productvariant", "pk": 3, "fields": {"product": 15, "color": "550ml Black", "color_en": "550ml Black", "color_ar": "  ", "size": null, "price": "20.000", "stock": 50, "is_available": true}}, {"model": "products.productvariant", "pk": 4, "fields": {"product": 15, "color": "550ml Grey", "color_en": "550ml Grey", "color_ar": "  ", "size": null, "price": "20.000", "stock": 50, "is_available": true}}, {"model": "products.productvariant", "pk": 5, "fields": {"product": 15, "color": "200ml grey", "color_en": "200ml grey", "color_ar": "  ", "size": null, "price": "15.000", "stock": 50, "is_available": true}}, {"model": "products.productvariant", "pk": 6, "fields": {"product": 15, "color": "200ml Black", "color_en": "200ml Black", "color_ar": "  ", "size": null, "price": "15.000", "stock": 50, "is_available": true}}, {"model": "products.productvariant", "pk": 7, "fields": {"product": 10, "color": "Black", "color_en": "Black", "color_ar": "", "size": null, "price": "39.000", "stock": 100, "is_available": true}}, {"model": "products.productvariant", "pk": 8, "fields": {"product": 10, "color": "Grey", "color_en": "Grey", "color_ar": "", "size": null, "price": "39.000", "stock": 100, "is_available": true}}, {"model": "products.productvariant", "pk": 9, "fields": {"product": 12, "color": "Black", "color_en": "Black", "color_ar": "", "size": null, "price": "24.000", "stock": 100, "is_available": true}}, {"model": "products.productvariant", "pk": 10, "fields": {"product": 12, "color": "Grey", "color_en": "Grey", "color_ar": "", "size": null, "price": "24.000", "stock": 100, "is_available": true}}, {"model": "products.productvariant", "pk": 11, "fields": {"product": 12, "color": "Black + Bar", "color_en": "Black + Bar", "color_ar": " + ", "size": null, "price": "29.000", "stock": 100, "is_available": true}}, {"model": "products.productvariant", "pk": 12, "fields": {"product": 12, "color": "Grey + Bar", "color_en": "Grey + Bar", "color_ar": " + ", "size": null, "price": "29.000", "stock": 100, "is_available": true}}, {"model": "products.productvariant", "pk": 13, "fields": {"product": 13, "color": "Pink", "color_en": "Pink", "color_ar": "", "size": null, "price": null, "stock": 100, "is_available": true}}, {"model": "products.productvariant", "pk": 14, "fields": {"product": 13, "color": "Blue", "color_en": "Blue", "color_ar": "", "size": null, "price": null, "stock": 100, "is_available": true}}, {"model": "products.productvariant", "pk": 15, "fields": {"product": 13, "color": "Grey", "color_en": "Grey", "color_ar": "", "size": null, "price": null, "stock": 100, "is_available": true}}, {"model": "products.productvariant", "pk": 16, "fields": {"product": 14, "color": "Grey", "color_en": "Grey", "color_ar": "", "size": null, "price": null, "stock": 100, "is_available": true}}, {"model": "products.productvariant", "pk": 17, "fields": {"product": 14, "color": "Black", "color_en": "Black", "color_ar": "", "size": null, "price": null, "stock": 100, "is_available": true}}, {"model": "products.productvariant", "pk": 18, "fields": {"product": 8, "color": "Triple Cup Black", "color_en": "Triple Cup Black", "color_ar": "  ", "size": null, "price": "34.000", "stock": 100, "is_available": true}}, {"model": "products.productvariant", "pk": 19, "fields": {"product": 8, "color": "Triple Cup Grey", "color_en": "Triple Cup Grey", "color_ar": "  ", "size": null, "price": "34.000", "stock": 100, "is_available": true}}, {"model": "products.productvariant", "pk": 20, "fields": {"product": 8, "color": "Double Cup Black", "color_en": "Double Cup Black", "color_ar": "  ", "size": null, "price": "29.000", "stock": 100, "is_available": true}}, {"model": "products.productvariant", "pk": 21, "fields": {"product": 8, "color": "Double Cup Grey", "color_en": "Double Cup Grey", "color_ar": "  ", "size": null, "price": "29.000", "stock": 100, "is_available": true}}, {"model": "products.productvariant", "pk": 22, "fields": {"product": 9, "color": "Black L", "color_en": "Black L", "color_ar": " ", "size": null, "price": "26.000", "stock": 100, "is_available": true}}, {"model": "products.productvariant", "pk": 23, "fields": {"product": 9, "color": "Grey L", "color_en": "Grey L", "color_ar": " ", "size": null, "price": "26.000", "stock": 100, "is_available": true}}, {"model": "products.productvariant", "pk": 24, "fields": {"product": 9, "color": "Black S", "color_en": "Black S", "color_ar": " ", "size": null, "price": "23.000", "stock": 100, "is_available": true}}, {"model": "products.productvariant", "pk": 25, "fields": {"product": 9, "color": "Grey S", "color_en": "Grey S", "color_ar": " ", "size": null, "price": "23.000", "stock": 100, "is_available": true}}, {"model": "products.productvariant", "pk": 26, "fields": {"product": 16, "color": "Black", "color_en": "Black", "color_ar": "", "size": null, "price": "24.000", "stock": 100, "is_available": true}}, {"model": "products.productvariant", "pk": 27, "fields": {"product": 6, "color": "Sleek Black", "color_en": "Sleek Black", "color_ar": "", "size": null, "price": "19.000", "stock": 100, "is_available": true}}, {"model": "products.productvariant", "pk": 28, "fields": {"product": 6, "color": "Light Grey", "color_en": "Light Grey", "color_ar": " ", "size": null, "price": "19.000", "stock": 100, "is_available": true}}, {"model": "products.productvariant", "pk": 29, "fields": {"product": 17, "color": "Black L", "color_en": "Black L", "color_ar": " ", "size": null, "price": "16.000", "stock": 100, "is_available": true}}, {"model": "products.productvariant", "pk": 30, "fields": {"product": 17, "color": "Black S", "color_en": "Black S", "color_ar": " ", "size": null, "price": "13.000", "stock": 100, "is_available": true}}, {"model": "products.productvariant", "pk": 31, "fields": {"product": 17, "color": "Grey L", "color_en": "Grey L", "color_ar": " ", "size": null, "price": "16.000", "stock": 100, "is_available": true}}, {"model": "products.productvariant", "pk": 32, "fields": {"product": 17, "color": "Grey S", "color_en": "Grey S", "color_ar": " ", "size": null, "price": "13.000", "stock": 100, "is_available": true}}, {"model": "products.productvariant", "pk": 33, "fields": {"product": 18, "color": "Grey", "color_en": "Grey", "color_ar": "", "size": null, "price": null, "stock": 100, "is_available": true}}, {"model": "products.productvariant", "pk": 34, "fields": {"product": 19, "color": "Black L", "color_en": "Black L", "color_ar": " ", "size": null, "price": "19.000", "stock": 100, "is_available": true}}, {"model": "products.productvariant", "pk": 35, "fields": {"product": 19, "color": "Grey L", "color_en": "Grey L", "color_ar": " ", "size": null, "price": "19.000", "stock": 100, "is_available": true}}, {"model": "products.productvariant", "pk": 36, "fields": {"product": 19, "color": "Black S", "color_en": "Black S", "color_ar": " ", "size": null, "price": "14.000", "stock": 100, "is_available": true}}, {"model": "products.productvariant", "pk": 37, "fields": {"product": 19, "color": "Grey S", "color_en": "Grey S", "color_ar": " ", "size": null, "price": "14.000", "stock": 100, "is_available": true}}, {"model": "products.productvariant", "pk": 38, "fields": {"product": 11, "color": "Grey", "color_en": "Grey", "color_ar": "", "size": null, "price": "29.000", "stock": 100, "is_available": true}}, {"model": "products.productvariant", "pk": 39, "fields": {"product": 11, "color": "Black", "color_en": "Black", "color_ar": "", "size": null, "price": "29.000", "stock": 100, "is_available": true}}, {"model": "products.productvariant", "pk": 40, "fields": {"product": 11, "color": "Lemon 32 pc", "color_en": "Lemon 32 pc", "color_ar": "  ", "size": null, "price": "24.000", "stock": 100, "is_available": true}}, {"model": "products.productvariant", "pk": 41, "fields": {"product": 11, "color": "Lavender 32 pc", "color_en": "Lavender 32 pc", "color_ar": "  ", "size": null, "price": "24.000", "stock": 100, "is_available": true}}, {"model": "products.productvariant", "pk": 42, "fields": {"product": 11, "color": "Ocean 32 pc", "color_en": "Ocean 32 pc", "color_ar": "  ", "size": null, "price": "24.000", "stock": 100, "is_available": true}}, {"model": "products.productvariant", "pk": 43, "fields": {"product": 20, "color": "Blue", "color_en": "Blue", "color_ar": "", "size": null, "price": "12.000", "stock": 100, "is_available": true}}, {"model": "products.productvariant", "pk": 44, "fields": {"product": 20, "color": "White", "color_en": "White", "color_ar": "", "size": null, "price": "12.000", "stock": 100, "is_available": true}}, {"model": "products.productvariant", "pk": 45, "fields": {"product": 20, "color": "Green", "color_en": "Green", "color_ar": "", "size": null, "price": "12.000", "stock": 100, "is_available": true}}, {"model": "products.productvariant", "pk": 46, "fields": {"product": 21, "color": "Black 10kg", "color_en": "Black 10kg", "color_ar": " 10 ", "size": null, "price": "45.000", "stock": null, "is_available": true}}, {"model": "products.productvariant", "pk": 47, "fields": {"product": 21, "color": "Grey 10kg", "color_en": "Grey 10kg", "color_ar": " 10 ", "size": null, "price": "45.000", "stock": 100, "is_available": true}}, {"model": "products.productvariant", "pk": 48, "fields": {"product": 21, "color": "Black 5kg", "color_en": "Black 5kg", "color_ar": " 5 ", "size": null, "price": "35.000", "stock": 100, "is_available": true}}, {"model": "products.productvariant", "pk": 49, "fields": {"product": 21, "color": "Grey 5kg", "color_en": "Grey 5kg", "color_ar": " 5 ", "size": null, "price": "35.000", "stock": 100, "is_available": true}}, {"model": "products.productvariant", "pk": 51, "fields": {"product": 22, "color": "White", "color_en": "White", "color_ar": "", "size": null, "price": null, "stock": null, "is_available": true}}, {"model": "products.productvariantimage", "pk": 10, "fields": {"variant": 18, "image": "image/upload/v1747142714/ivseo20tgobihc6enlqm.webp", "public_id": "ivseo20tgobihc6enlqm", "product": 8, "is_default": true}}, {"model": "products.productvariantimage", "pk": 11, "fields": {"variant": 18, "image": "image/upload/v1747142726/dnx7gj8z1lsn6buo7yvh.webp", "public_id": "dnx7gj8z1lsn6buo7yvh", "product": 8, "is_default": false}}, {"model": "products.productvariantimage", "pk": 12, "fields": {"variant": 19, "image": "image/upload/v1747142738/bwvbsh4dmigbojcgbsuk.webp", "public_id": "bwvbsh4dmigbojcgbsuk", "product": 8, "is_default": false}}, {"model": "products.productvariantimage", "pk": 13, "fields": {"variant": 21, "image": "image/upload/v1747142749/d1mhkiumrky707pq1lje.webp", "public_id": "d1mhkiumrky707pq1lje", "product": 8, "is_default": false}}, {"model": "products.productvariantimage", "pk": 14, "fields": {"variant": 22, "image": "image/upload/v1747307494/mfa6ykcgqz20zothvbue.webp", "public_id": "hy0yre0i4u8dnl69j7lv", "product": 9, "is_default": false}}, {"model": "products.productvariantimage", "pk": 15, "fields": {"variant": 22, "image": "image/upload/v1747143215/wvfjnvgixbgvj3xete3f.webp", "public_id": "wvfjnvgixbgvj3xete3f", "product": 9, "is_default": true}}, {"model": "products.productvariantimage", "pk": 16, "fields": {"variant": 22, "image": "image/upload/v1747143229/l54vm0gl7jfyu3bbtwab.webp", "public_id": "l54vm0gl7jfyu3bbtwab", "product": 9, "is_default": false}}, {"model": "products.productvariantimage", "pk": 17, "fields": {"variant": 22, "image": "image/upload/v1747288509/lsoexwajivix3rpnxl7y.webp", "public_id": null, "product": 9, "is_default": false}}, {"model": "products.productvariantimage", "pk": 18, "fields": {"variant": 7, "image": "image/upload/v1747229269/b3bj55cmcgrrprwofrzt.webp", "public_id": "b3bj55cmcgrrprwofrzt", "product": 10, "is_default": true}}, {"model": "products.productvariantimage", "pk": 19, "fields": {"variant": 8, "image": "image/upload/v1747144026/qnu4pc0sfzgffxibcizw.webp", "public_id": "qnu4pc0sfzgffxibcizw", "product": 10, "is_default": false}}, {"model": "products.productvariantimage", "pk": 20, "fields": {"variant": 8, "image": "image/upload/v1747144039/jepg6it1n3ppv0qzztzz.webp", "public_id": "jepg6it1n3ppv0qzztzz", "product": 10, "is_default": false}}, {"model": "products.productvariantimage", "pk": 21, "fields": {"variant": 8, "image": "image/upload/v1747144047/iguiygxsahu1exjfd3ok.webp", "public_id": "iguiygxsahu1exjfd3ok", "product": 10, "is_default": false}}, {"model": "products.productvariantimage", "pk": 22, "fields": {"variant": 39, "image": "image/upload/v1747144679/jan7btwfelkqgir8pka3.webp", "public_id": "jan7btwfelkqgir8pka3", "product": 11, "is_default": true}}, {"model": "products.productvariantimage", "pk": 23, "fields": {"variant": 38, "image": "image/upload/v1747144699/yqi9z8cu9bkienjczbks.webp", "public_id": "yqi9z8cu9bkienjczbks", "product": 11, "is_default": false}}, {"model": "products.productvariantimage", "pk": 24, "fields": {"variant": 39, "image": "image/upload/v1747144713/wtn8a8jdwtdece7tqt7w.webp", "public_id": "wtn8a8jdwtdece7tqt7w", "product": 11, "is_default": false}}, {"model": "products.productvariantimage", "pk": 25, "fields": {"variant": 38, "image": "image/upload/v1747144727/lzwhd1wl5vgpbbvdebee.webp", "public_id": "lzwhd1wl5vgpbbvdebee", "product": 11, "is_default": false}}, {"model": "products.productvariantimage", "pk": 26, "fields": {"variant": 40, "image": "image/upload/v1747144741/dvs2ianwfxjcyi09oslu.webp", "public_id": "dvs2ianwfxjcyi09oslu", "product": 11, "is_default": false}}, {"model": "products.productvariantimage", "pk": 28, "fields": {"variant": 11, "image": "image/upload/v1747230108/oloel7lvdoeuxe6bcj6v.webp", "public_id": "oloel7lvdoeuxe6bcj6v", "product": 12, "is_default": true}}, {"model": "products.productvariantimage", "pk": 29, "fields": {"variant": 12, "image": "image/upload/v1747201655/hlzq35dcaysm9cyh4rzy.webp", "public_id": "hlzq35dcaysm9cyh4rzy", "product": 12, "is_default": false}}, {"model": "products.productvariantimage", "pk": 30, "fields": {"variant": 10, "image": "image/upload/v1747229778/v0j941shr6o1r6wi8azj.webp", "public_id": null, "product": 12, "is_default": false}}, {"model": "products.productvariantimage", "pk": 31, "fields": {"variant": 9, "image": "image/upload/v1747229751/wbqm8no0mjsxbwatqseb.webp", "public_id": null, "product": 12, "is_default": false}}, {"model": "products.productvariantimage", "pk": 32, "fields": {"variant": 13, "image": "image/upload/v1747202155/x2fuocei4ztuelzgairz.webp", "public_id": "x2fuocei4ztuelzgairz", "product": 13, "is_default": false}}, {"model": "products.productvariantimage", "pk": 33, "fields": {"variant": 15, "image": "image/upload/v1747202166/gb7tzejpi2tqcsombasn.webp", "public_id": "gb7tzejpi2tqcsombasn", "product": 13, "is_default": true}}, {"model": "products.productvariantimage", "pk": 34, "fields": {"variant": 14, "image": "image/upload/v1747202174/t3asm3txlomllpv9tnfc.webp", "public_id": "t3asm3txlomllpv9tnfc", "product": 13, "is_default": false}}, {"model": "products.productvariantimage", "pk": 35, "fields": {"variant": 16, "image": "image/upload/v1747203419/qlbyktaawj2raw6cxchf.webp", "public_id": "qlbyktaawj2raw6cxchf", "product": 14, "is_default": false}}, {"model": "products.productvariantimage", "pk": 36, "fields": {"variant": 17, "image": "image/upload/v1747231122/l8qiofybpjmpwqtmfs3e.webp", "public_id": "l8qiofybpjmpwqtmfs3e", "product": 14, "is_default": true}}, {"model": "products.productvariantimage", "pk": 37, "fields": {"variant": 17, "image": "image/upload/v1747203438/m9fvnfn1iezwqpmmb1om.webp", "public_id": "m9fvnfn1iezwqpmmb1om", "product": 14, "is_default": false}}, {"model": "products.productvariantimage", "pk": 38, "fields": {"variant": 16, "image": "image/upload/v1747203448/njkelvv6wuqayziedct5.webp", "public_id": "njkelvv6wuqayziedct5", "product": 14, "is_default": false}}, {"model": "products.productvariantimage", "pk": 39, "fields": {"variant": 4, "image": "image/upload/v1747221467/dstget9kifjgs6g2np4z.webp", "public_id": null, "product": 15, "is_default": false}}, {"model": "products.productvariantimage", "pk": 40, "fields": {"variant": 3, "image": "image/upload/v1747221380/ov0j1fphmesec6qbgqnj.webp", "public_id": null, "product": 15, "is_default": false}}, {"model": "products.productvariantimage", "pk": 41, "fields": {"variant": 2, "image": "image/upload/v1747221430/iocugukitmr7rxfpqolx.webp", "public_id": null, "product": 15, "is_default": false}}, {"model": "products.productvariantimage", "pk": 42, "fields": {"variant": 1, "image": "image/upload/v1747220909/eoscmkbkh5azmykexdhn.webp", "public_id": "eoscmkbkh5azmykexdhn", "product": 15, "is_default": true}}, {"model": "products.productvariantimage", "pk": 43, "fields": {"variant": 26, "image": "image/upload/v1747204350/hqp9zdz4sh1d5d0nd1fh.webp", "public_id": "hqp9zdz4sh1d5d0nd1fh", "product": 16, "is_default": false}}, {"model": "products.productvariantimage", "pk": 44, "fields": {"variant": 26, "image": "image/upload/v1747204360/tgzffgxkji2kunrlhlai.webp", "public_id": "tgzffgxkji2kunrlhlai", "product": 16, "is_default": true}}, {"model": "products.productvariantimage", "pk": 45, "fields": {"variant": 30, "image": "image/upload/v1747290378/czkxdcrskeuqvb3mwvmf.webp", "public_id": null, "product": 17, "is_default": false}}, {"model": "products.productvariantimage", "pk": 46, "fields": {"variant": 29, "image": "image/upload/v1747204790/xlxa2xlhlsg4mbgethe1.webp", "public_id": "xlxa2xlhlsg4mbgethe1", "product": 17, "is_default": true}}, {"model": "products.productvariantimage", "pk": 47, "fields": {"variant": 31, "image": "image/upload/v1747204803/w9fzu4znqbnglgdmkfiz.webp", "public_id": "w9fzu4znqbnglgdmkfiz", "product": 17, "is_default": false}}, {"model": "products.productvariantimage", "pk": 48, "fields": {"variant": 32, "image": "image/upload/v1747204816/pv5sxunaoyvyg5efmzne.webp", "public_id": "pv5sxunaoyvyg5efmzne", "product": 17, "is_default": false}}, {"model": "products.productvariantimage", "pk": 49, "fields": {"variant": 29, "image": "image/upload/v1747290301/om80fozxrtykts7ucon2.webp", "public_id": null, "product": 17, "is_default": false}}, {"model": "products.productvariantimage", "pk": 50, "fields": {"variant": 33, "image": "image/upload/v1747205252/yws3ovxpt612cge0wp2q.webp", "public_id": "yws3ovxpt612cge0wp2q", "product": 18, "is_default": true}}, {"model": "products.productvariantimage", "pk": 51, "fields": {"variant": 33, "image": "image/upload/v1747205261/hafeclehafmrxgbe6vcn.webp", "public_id": "hafeclehafmrxgbe6vcn", "product": 18, "is_default": false}}, {"model": "products.productvariantimage", "pk": 52, "fields": {"variant": 33, "image": "image/upload/v1747205273/nhkzuz2swjy5knk6ptbn.webp", "public_id": "nhkzuz2swjy5knk6ptbn", "product": 18, "is_default": false}}, {"model": "products.productvariantimage", "pk": 53, "fields": {"variant": 34, "image": "image/upload/v1747205696/yj2smcspewsmzwcx3blq.webp", "public_id": "yj2smcspewsmzwcx3blq", "product": 19, "is_default": true}}, {"model": "products.productvariantimage", "pk": 54, "fields": {"variant": 35, "image": "image/upload/v1747205706/jyjz15ypjxo59wwawcye.webp", "public_id": "jyjz15ypjxo59wwawcye", "product": 19, "is_default": false}}, {"model": "products.productvariantimage", "pk": 55, "fields": {"variant": 37, "image": "image/upload/v1747205719/p4yazwiaynwxg9atkkes.webp", "public_id": "p4yazwiaynwxg9atkkes", "product": 19, "is_default": false}}, {"model": "products.productvariantimage", "pk": 56, "fields": {"variant": 36, "image": "image/upload/v1747205730/btubkhronb867ggmnk9l.webp", "public_id": "btubkhronb867ggmnk9l", "product": 19, "is_default": false}}, {"model": "products.productvariantimage", "pk": 57, "fields": {"variant": 28, "image": "image/upload/v1747289520/eacbqeycdfmfvjvy4xxd.webp", "public_id": null, "product": 6, "is_default": false}}, {"model": "products.productvariantimage", "pk": 58, "fields": {"variant": 27, "image": "image/upload/v1747205919/lc1mfrneoiqpklc4vdud.webp", "public_id": "lc1mfrneoiqpklc4vdud", "product": 6, "is_default": false}}, {"model": "products.productvariantimage", "pk": 59, "fields": {"variant": 27, "image": "image/upload/v1747289444/ho55wuew5a2nmiv0qis6.webp", "public_id": "ho55wuew5a2nmiv0qis6", "product": 6, "is_default": true}}, {"model": "products.productvariantimage", "pk": 60, "fields": {"variant": 43, "image": "image/upload/v1747206366/ocefrxi7d74six8s4zci.webp", "public_id": "ocefrxi7d74six8s4zci", "product": 20, "is_default": false}}, {"model": "products.productvariantimage", "pk": 61, "fields": {"variant": 44, "image": "image/upload/v1747293532/cops8m8ptqwvro65ttz5.webp", "public_id": null, "product": 20, "is_default": false}}, {"model": "products.productvariantimage", "pk": 62, "fields": {"variant": 43, "image": "image/upload/v1747206385/ob2f0phfu7bajabtlnb1.webp", "public_id": "ob2f0phfu7bajabtlnb1", "product": 20, "is_default": false}}, {"model": "products.productvariantimage", "pk": 63, "fields": {"variant": 45, "image": "image/upload/v1747293553/ualjwezavgxddmonbkme.webp", "public_id": null, "product": 20, "is_default": false}}, {"model": "products.productvariantimage", "pk": 64, "fields": {"variant": 5, "image": "image/upload/v1747221663/pui7aeyvh705m6p2jegc.webp", "public_id": null, "product": 15, "is_default": false}}, {"model": "products.productvariantimage", "pk": 65, "fields": {"variant": 6, "image": "image/upload/v1747221684/vjgftcwr6bbudvdivztt.webp", "public_id": null, "product": 15, "is_default": false}}, {"model": "products.productvariantimage", "pk": 66, "fields": {"variant": 23, "image": "image/upload/v1747288713/khtvbmi7y6fhyhzxf8z7.webp", "public_id": null, "product": 9, "is_default": false}}, {"model": "products.productvariantimage", "pk": 67, "fields": {"variant": 24, "image": "image/upload/v1747288737/rhsewyhbznz6ft2axmmv.webp", "public_id": null, "product": 9, "is_default": false}}, {"model": "products.productvariantimage", "pk": 68, "fields": {"variant": 25, "image": "image/upload/v1747288759/jtf9dhiwhchpeqlkpcbu.webp", "public_id": null, "product": 9, "is_default": false}}, {"model": "products.productvariantimage", "pk": 69, "fields": {"variant": 28, "image": "image/upload/v1747289543/bhaqhccyebvaskaij6uz.webp", "public_id": null, "product": 6, "is_default": false}}, {"model": "products.productvariantimage", "pk": 70, "fields": {"variant": 32, "image": "image/upload/v1747290453/nhmktgsuznbmtqmdppdi.webp", "public_id": null, "product": 17, "is_default": false}}, {"model": "products.productvariantimage", "pk": 71, "fields": {"variant": 41, "image": "image/upload/v1747292907/es9bjwgzonbvh4ayaovo.webp", "public_id": "es9bjwgzonbvh4ayaovo", "product": 11, "is_default": false}}, {"model": "products.productvariantimage", "pk": 72, "fields": {"variant": 42, "image": "image/upload/v1747292959/wamrbi9kzhmcmutirgt7.webp", "public_id": null, "product": 11, "is_default": false}}, {"model": "products.productvariantimage", "pk": 73, "fields": {"variant": 43, "image": "image/upload/v1747307947/umfgkh5awu7mctsyjaw9.webp", "public_id": "umfgkh5awu7mctsyjaw9", "product": 20, "is_default": true}}, {"model": "products.productvariantimage", "pk": 74, "fields": {"variant": 46, "image": "image/upload/v1747638439/or2lloyyhyp7yyeqs0zc.webp", "public_id": null, "product": 21, "is_default": true}}, {"model": "products.productvariantimage", "pk": 75, "fields": {"variant": 47, "image": "image/upload/v1747638491/mjez8rvynq71q4gshao5.webp", "public_id": null, "product": 21, "is_default": false}}, {"model": "products.productvariantimage", "pk": 76, "fields": {"variant": 48, "image": "image/upload/v1747638525/lesjpzohragrlb6fxkha.webp", "public_id": null, "product": 21, "is_default": false}}, {"model": "products.productvariantimage", "pk": 77, "fields": {"variant": 49, "image": "image/upload/v1747638550/hrvlpij8f7urgkmnqywp.webp", "public_id": null, "product": 21, "is_default": false}}, {"model": "products.productvariantimage", "pk": 78, "fields": {"variant": 51, "image": "image/upload/v1747638995/c7ldwmmzah3grf7jpo0k.webp", "public_id": null, "product": 22, "is_default": true}}, {"model": "products.productvariantimage", "pk": 79, "fields": {"variant": 51, "image": "image/upload/v1747639013/ads6kyjalpgtutknhjdj.webp", "public_id": null, "product": 22, "is_default": false}}, {"model": "cart.cart", "pk": 4, "fields": {"user": 12, "uuid": "07a0b754-40b7-4b4c-9104-ac499d7d9cab", "is_active": true, "date_added": "2025-05-19"}}, {"model": "cart.cartitem", "pk": 10, "fields": {"cart": 4, "product": 12, "variant": 9, "quantity": 1, "price": "24.000", "added_at": "2025-05-19T12:07:50.236Z"}}, {"model": "cart.cartitem", "pk": 11, "fields": {"cart": 4, "product": 22, "variant": 51, "quantity": 1, "price": "34.000", "added_at": "2025-05-19T14:05:51.229Z"}}]